source,line_code,station_name,station,entry,n_segments,road_width_mean,road_width_min,road_width_max,sw_width_mean,sw_total_length,road_length_gt4m,sidewalk_length_road_gt4m,sidewalk_length_surface_neg1,sidewalk_length_surface_0,sidewalk_length_surface_1,sidewalk_length_shade_neg1,sidewalk_length_shade_0,sidewalk_length_shade_1,sidewalk_length_obstacle_neg1,sidewalk_length_obstacle_0,sidewalk_length_obstacle_1,barrier_pct_neg1,barrier_pct_0,barrier_pct_1,shade_pct_neg1,shade_pct_0,shade_pct_1,obs_pct_neg1,obs_pct_0,obs_pct_1,bus_stop_count,bus_stop_min_dist,bus_stop_mean_dist,win_count,win_min_dist,win_mean_dist,songtaew_count,songtaew_min_dist,songtaew_mean_dist,minibus_count,minibus_min_dist,minibus_mean_dist,taxi_count,taxi_min_dist,taxi_mean_dist,tuktuk_count,tuktuk_min_dist,tuktuk_mean_dist,samlor_count,samlor_min_dist,samlor_mean_dist,van_count,van_min_dist,van_mean_dist,kiss_ride_count,kiss_ride_min_dist,kiss_ride_mean_dist,park_ride_car_count,park_ride_car_min_dist,park_ride_car_mean_dist,park_ride_moto_count,park_ride_moto_min_dist,park_ride_moto_mean_dist,bike_parking_count,bike_parking_min_dist,bike_parking_mean_dist,bike_share_count,bike_share_min_dist,bike_share_mean_dist,scooter_share_count,scooter_share_min_dist,scooter_share_mean_dist
A21,N10,พหลโยธิน 24,N10 พหลโยธิน 24,5987,56,7.31,3.5,31.5,2.96,2860,7593.4,2860,0,0,2860,1097,440,1323,0,95,2765,0,0,100,38.4,15.4,46.3,0,3.3,96.7,5,50,205.7184813,5,24.68168767,220.6621554,0,0,0,0,0,0,0,0,0,0,0,0,0,0,0,0,0,0,2,7,27,0,0,0,0,0,0,5,14,112.0912632,0,0,0,0,0,0
A21,N11,รัชโยธิน,N11 รัชโยธิน,12159,66,7.12,3.4,31.5,2.83,3443,9636.7,3443,38,0,3405,1693,539,1211,38,178,3227,1.1,0,98.9,49.2,15.7,35.2,1.1,5.2,93.7,4,8,123.3317166,8,25,155.4628451,0,0,0,0,0,0,0,0,0,0,0,0,0,0,0,0,0,0,2,12,12,0,0,0,0,0,0,7,4,78.12699616,0,0,0,0,0,0
A21,N12,เสนานิคม,N12 เสนานิคม,11789,64,7.32,3.4,24.5,2.42,4170,7662.8,4170,38,718,3083,1718,1543,909,668,1492,2010,0.9,17.2,73.9,41.2,37,21.8,16,35.8,48.2,6,87,199.3003166,5,35,250.86556,0,0,0,1,172.5482547,172.5482547,0,0,0,0,0,0,0,0,0,0,0,0,1,83,83,0,0,0,0,0,0,7,5,117.360248,0,0,0,0,0,0
A21,N13,มหาวิทยาลัยเกษตรศาสตร์,N13 มหาวิทยาลัยเกษตรศาสตร์,14375,33,9.15,2.8,28,2.61,3818,4282.4,3818,0,760,3058,1713,1508,597,0,1338,2480,0,19.9,80.1,44.9,39.5,15.6,0,35,65,10,15,266.1179486,8,12,276.7038,0,0,0,0,0,0,0,0,0,0,0,0,0,0,0,0,0,0,1,15,15,0,0,0,0,0,0,8,10,189.1881995,0,0,0,0,0,0
A21,N14,กรมป่าไม้,N14 กรมป่าไม้,5434,46,5.78,1.9,21,3.07,2490,6184.4,2490,0,435,2055,502,1081,907,218,502,1770,0,17.5,82.5,20.2,43.4,36.4,8.8,20.2,71.1,5,75,213.175763,8,55,246.3862645,0,0,0,0,0,0,0,0,0,0,0,0,0,0,0,0,0,0,2,12,17.36196867,0,0,0,0,0,0,7,8,117.5619035,0,0,0,1,201.3844734,201.3844734
A21,N15,บางบัว,N15 บางบัว,8717,52,6.14,1.6,21,2.58,4205,5435.4,4205,0,487,3718,2390,1737,78,247,776,3182,0,11.6,88.4,56.8,41.3,1.9,5.9,18.5,75.7,5,12.37202165,182.559731,4,40,214.7806844,0,0,0,0,0,0,0,0,0,0,0,0,0,0,0,0,0,0,4,13.20874549,29.35272943,0,0,0,0,0,0,7,4,84.70776666,0,0,0,0,0,0
A21,N16,กรมทหารราบที่ 11,N16 กรมทหารราบที่ 11,5297,43,5.54,3.7,21,3.13,2009,4416.4,2009,0,483,1526,105,483,1421,131,352,1526,0,24,76,5.2,24,70.7,6.5,17.5,76,6,55,190.4138104,3,30,239.1893995,0,0,0,0,0,0,0,0,0,0,0,0,0,0,0,0,0,0,2,18.31248098,28.15624049,0,0,0,0,0,0,8,8,126.6632278,0,0,0,0,0,0
A21,N18,พหลโยธิน 59,N18 พหลโยธิน 59,3991,36,6.7,3.8,28,3.9,1684,5766.5,1684,0,0,1684,93,88,1503,0,0,1684,0,0,100,5.5,5.2,89.3,0,0,100,6,30,224.7184938,6,35,302.2265003,0,0,0,0,0,0,0,0,0,0,0,0,0,0,0,0,0,0,2,15.23162059,149.1158103,0,0,0,0,0,0,15,8,185.2068803,0,0,0,0,0,0
A21,N19,สายหยุด,N19 สายหยุด,8104,88,6.46,2.5,21,3.39,3294,11662.9,3294,0,0,3294,2661,633,0,0,643,2651,0,0,100,80.8,19.2,0,0,19.5,80.5,9,10.74803896,251.9167591,8,25,259.6460147,0,0,0,0,0,0,0,0,0,0,0,0,0,0,0,0,0,0,2,16.18476576,17.13154817,0,0,0,0,0,0,12,8,143.5109026,0,0,0,0,0,0
A21,N20,สะพานใหม่,N20 สะพานใหม่,10180,58,6.24,1.6,21,2.92,1864,6656.6,1864,0,0,1864,108,1598,158,0,1493,371,0,0,100,5.8,85.7,8.5,0,80.1,19.9,4,42,253.2531249,6,30,170.692107,0,0,0,0,0,0,0,0,0,0,0,0,0,0,0,0,0,0,2,13.10782779,17.55391389,0,0,0,0,0,0,7,8,51.95118679,0,0,0,0,0,0
A21,N21,โรงพยาบาลภูมิพลอดุลยเดช,N21 โรงพยาบาลภูมิพลอดุลยเดช,2631,3,21,21,21,4.65,1865,997.9,1865,0,0,1865,0,0,1865,0,0,1865,0,0,100,0,0,100,0,0,100,4,82,133,0,0,0,0,0,0,0,0,0,0,0,0,0,0,0,0,0,0,0,0,0,2,14.21845142,31.10922571,0,0,0,0,0,0,4,12,20.47512062,1,14,14,0,0,0
A21,N22,พิพิธภัณฑ์กองทัพอากาศ,N22 พิพิธภัณฑ์กองทัพอากาศ,2976,4,21,21,21,5.19,1920,1016.9,1920,0,0,1920,0,150,1770,0,0,1920,0,0,100,0,7.8,92.2,0,0,100,5,126,206.4662633,0,0,0,0,0,0,0,0,0,0,0,0,0,0,0,0,0,0,0,0,0,2,14,15,0,0,0,0,0,0,4,18,21.25,0,0,0,0,0,0
A21,N23,แยก คปอ.,N23 แยก คปอ.,11503,10,19.23,7.2,35,4.64,3306,2304.9,3306,434,409,2463,1454,0,1852,434,409,2463,13.1,12.4,74.5,44,0,56,13.1,12.4,74.5,5,18,198.7122522,3,30,116.6666667,0,0,0,0,0,0,1,33,33,0,0,0,0,0,0,0,0,0,1,15,15,1,120,120,2,52,93.5,7,12,26.23836661,0,0,0,0,0,0
A21,N24,คูคต,N24 คูคต,16201,14,10.24,3,21,3.13,2628,7297.9,2628,0,686,1942,822,843,963,0,686,1942,0,26.1,73.9,31.3,32.1,36.6,0,26.1,73.9,4,16.1831892,235.7960168,2,8,21,0,0,0,0,0,0,2,6,13,0,0,0,0,0,0,0,0,0,1,22.77768788,22.77768788,1,30,30,2,60,81,6,8,64.5100368,0,0,0,0,0,0
A21,PK02,แคราย,PK02 แคราย,571,48,8.64,2.6,31.5,3.9,2704,6017.4,2704,0,792,1782,871,1158,675,0,333,2371,0,29.3,65.9,32.2,42.8,25,0,12.3,87.7,6,37,290.8907764,6,46,305.3296657,0,0,0,0,0,0,0,0,0,0,0,0,0,0,0,0,0,0,8,9,139.3445304,0,0,0,0,0,0,10,2,257.029225,0,0,0,0,0,0
A21,PK03,สนามบินน้ำ,PK03 สนามบินน้ำ,639,55,6.93,4.2,27,3.57,1757,7818.8,1757,229,464,519,651,963,143,229,950,578,13,26.4,29.5,37.1,54.8,8.1,13,54.1,32.9,5,100,232.0169145,3,52,276.6115289,0,0,0,0,0,0,0,0,0,0,0,0,0,0,0,0,0,0,2,2.5,22.75,0,0,0,0,0,0,5,4,92.50486181,0,0,0,0,0,0
A21,PK04,สามัคคี,PK04 สามัคคี,467,59,6.15,1.5,21,2.57,2229,7502.1,2229,0,722,759,310,1470,449,0,1171,1058,0,32.4,34.1,13.9,65.9,20.1,0,52.5,47.5,5,128,280.0115412,4,77,216.5268144,0,0,0,0,0,0,0,0,0,0,0,0,0,0,0,0,0,0,2,3,25.5,0,0,0,0,0,0,3,8,54.54575812,0,0,0,0,0,0
A21,PK05,กรมชลประทาน,PK05 กรมชลประทาน,1085,18,9,3.6,21,3.11,2954,3054,2954,0,415,1244,807,1277,870,0,1476,1478,0,14,42.1,27.3,43.2,29.5,0,50,50,5,48,224.8421043,1,15,15,0,0,0,0,0,0,0,0,0,0,0,0,0,0,0,0,0,0,2,16.44793951,17.55852853,0,0,0,0,0,0,5,3,103.9261373,0,0,0,0,0,0
A21,PK06,แยกปากเกร็ด,PK06 แยกปากเกร็ด,734,65,7.8,3.2,28,2.14,6637,8354.3,6637,781,2238,3565,4483,1806,348,2000,2350,2287,11.8,33.7,53.7,67.5,27.2,5.2,30.1,35.4,34.5,8,149.4429833,363.4281005,3,30,220.1872588,0,0,0,0,0,0,0,0,0,0,0,0,0,0,0,0,0,0,2,16,24.5,0,0,0,0,0,0,7,7,154.7421087,0,0,0,0,0,0
A21,PK07,เลี่ยงเมืองปากเกร็ด,PK07 เลี่ยงเมืองปากเกร็ด,1903,39,7.99,3,28,2.75,3725,5797.6,3725,345,2552,828,1467,2258,0,162,1772,1791,9.3,68.5,22.2,39.4,60.6,0,4.3,47.6,48.1,5,11,242.5022651,3,40,148.5219161,0,0,0,0,0,0,1,3,3,0,0,0,0,0,0,0,0,0,2,12,14.03729361,0,0,0,0,0,0,7,1.2,95.7851987,0,0,0,0,0,0
A21,PK08,แจ้งวัฒนะ-ปากเกร็ด 28,PK08 แจ้งวัฒนะ-ปากเกร็ด 28,4181,37,6.96,3.1,28,2.85,1932,6599.2,1932,606,1075,251,1429,503,0,0,1413,519,31.4,55.6,13,74,26,0,0,73.1,26.9,5,48,210.6757896,4,36.26510565,231.6032677,0,0,0,0,0,0,1,92,92,0,0,0,0,0,0,0,0,0,2,15,24.5,0,0,0,0,0,0,3,3,17.22530965,0,0,0,0,0,0
A21,PK09,ศรีรัช,PK09 ศรีรัช,1083,57,7.56,2.8,28,3.57,3835,8156.6,3835,299,1796,1740,2004,936,895,28,2617,1190,7.8,46.8,45.4,52.3,24.4,23.3,0.7,68.2,31,5,75,174.4830646,3,24,225.2091732,0,0,0,0,0,0,0,0,0,0,0,0,0,0,0,0,0,0,1,24,24,0,0,0,0,0,0,3,27,173.2494726,0,0,0,0,0,0
A21,PK11,แจ้งวัฒนะ 14,PK11 แจ้งวัฒนะ 14,2534,53,7.17,2.5,28,2.36,2396,7691.2,2396,228,332,1377,1151,1090,155,383,1603,410,9.5,13.9,57.5,48,45.5,6.5,16,66.9,17.1,4,18,217.7389571,7,27.00547476,188.5075128,0,0,0,0,0,0,0,0,0,0,0,0,0,0,0,0,0,0,3,5,39.92003865,0,0,0,0,0,0,3,8,15.66666667,0,0,0,0,0,0
A21,PK12,ศูนย์ราชการเฉลิมพระเกียรติ,PK12 ศูนย์ราชการเฉลิมพระเกียรติ,3624,11,15.24,5.1,31.5,2.75,3486,2600.4,3486,0,0,2524,1249,1517,720,0,1824,1662,0,0,72.4,35.8,43.5,20.7,0,52.3,47.7,8,2.4,213.8266189,2,40,145,0,0,0,0,0,0,0,0,0,0,0,0,0,0,0,0,0,0,2,0.5,7.75,0,0,0,0,0,0,3,1,13.66666667,0,0,0,0,0,0
A21,PK13,โทรคมนาคมแห่งชาติ,PK13 โทรคมนาคมแห่งชาติ,1759,20,12.51,4.9,32.5,2.75,3702,3569.2,3702,507,802,1645,1894,1201,607,453,1993,1256,13.7,21.7,44.4,51.2,32.4,16.4,12.2,53.8,33.9,4,32,101.5,4,96,269.0076359,0,0,0,0,0,0,0,0,0,0,0,0,0,0,0,0,0,0,2,1.5,14.43263657,0,0,0,0,0,0,5,8,113.2993762,0,0,0,0,0,0
A21,PK15,ราชภัฎพระนคร,PK15 ราชภัฎพระนคร,1688,57,7.01,1.8,28,2.92,2048,6191,2048,0,678,1370,1327,603,118,0,1645,403,0,33.1,66.9,64.8,29.4,5.8,0,80.3,19.7,5,63,299.4361825,4,10,285.9963977,0,0,0,0,0,0,0,0,0,0,0,0,0,0,0,0,0,0,2,20,22.5,0,0,0,0,0,0,2,1,4.5,0,0,0,0,0,0
A21,PK17,รามอินทรา 3,PK17 รามอินทรา 3,1534,31,10.61,4.4,28,2.44,2532,4261.6,2532,322,706,1504,1221,969,342,322,866,1344,12.7,27.9,59.4,48.2,38.3,13.5,12.7,34.2,53.1,7,90,253.7750836,2,156,163,0,0,0,0,0,0,1,85,85,0,0,0,0,0,0,0,0,0,3,5,10.87121398,0,0,0,0,0,0,7,2.5,76.59268746,0,0,0,0,0,0
A21,PK18,ลาดปลาเค้า,PK18 ลาดปลาเค้า,1435,50,8.1,4,24,2.17,3298,7391.4,3298,500,974,1824,1480,1818,0,844,920,1534,15.2,29.5,55.3,44.9,55.1,0,25.6,27.9,46.5,4,15,90,5,45,192.033193,2,250,276.3088627,0,0,0,0,0,0,0,0,0,0,0,0,0,0,0,2,5,27.5,0,0,0,0,0,0,6,5,73.99287141,0,0,0,0,0,0
A21,PK19,รามอินทรา กม.4,PK19 รามอินทรา กม.4,1212,85,5.94,3.1,28,3.3,1483,10199.1,1483,0,931,552,931,552,0,0,1483,0,0,62.8,37.2,62.8,37.2,0,0,100,0,4,6,194.25,4,65,276.6652937,0,0,0,0,0,0,0,0,0,0,0,0,0,0,0,0,0,0,2,5,31,0,0,0,0,0,0,9,3,121.0474735,0,0,0,0,0,0
A21,PK20,มัยลาภ,PK20 มัยลาภ,964,57,6.95,4,28,3.03,1550,9349.4,1550,8,407,1135,1220,330,0,0,777,773,0.5,26.3,73.2,78.7,21.3,0,0,50.1,49.9,5,45,206.2200837,2,63,186,0,0,0,0,0,0,0,0,0,0,0,0,0,0,0,0,0,0,3,3.5,140.3918188,0,0,0,0,0,0,9,8,140.7069279,0,0,0,0,0,0
A21,PK21,วัชรพล,PK21 วัชรพล,959,44,8.46,2.8,31.5,4.29,4294,8089.8,4294,0,1427,2665,2280,1719,295,0,1778,2516,0,33.2,62.1,53.1,40,6.9,0,41.4,58.6,3,57,182.6545801,1,19.55933898,19.55933898,0,0,0,0,0,0,0,0,0,0,0,0,0,0,0,0,0,0,2,22.69234272,23.67223891,0,0,0,0,0,0,6,2,67.57905387,0,0,0,0,0,0
A21,PK22,รามอินทรา กม.6,PK22 รามอินทรา กม.6,1418,73,7.27,4,28,2.69,2409,10817.2,2409,112,1085,1212,1381,1028,0,112,2297,0,4.6,45,50.3,57.3,42.7,0,4.6,95.4,0,9,26.68173449,260.1205363,5,20,225.469776,0,0,0,0,0,0,0,0,0,0,0,0,0,0,0,1,8,8,4,16,85.86350212,0,0,0,0,0,0,11,1,187.5523788,0,0,0,0,0,0
A21,PK23,คู้บอน,PK23 คู้บอน,1453,48,7.06,4,30,2.73,2429,6762.8,2429,0,1042,1387,1422,1007,0,0,1954,475,0,42.9,57.1,58.5,41.5,0,0,80.4,19.6,7,50,224.599464,6,80,287.4088903,1,393.2480974,393.2480974,0,0,0,0,0,0,0,0,0,0,0,0,3,40,207.2868832,3,6.5,51.24728494,0,0,0,0,0,0,10,3,210.8774209,0,0,0,0,0,0
A21,PK24,รามอินทรา กม.9,PK24 รามอินทรา กม.9,2015,50,7.58,3.5,35,3.03,1537,9311.6,1537,0,530,1007,1346,150,41,41,1496,0,0,34.5,65.5,87.6,9.8,2.7,2.7,97.3,0,6,45,228.3199305,1,25,25,0,0,0,0,0,0,0,0,0,0,0,0,0,0,0,0,0,0,4,2.5,44.62810979,0,0,0,0,0,0,9,4,138.3566091,0,0,0,0,0,0
A21,PK25,วงแหวนรามอินทรา,PK25 วงแหวนรามอินทรา,3113,17,11.65,4,38.5,2.95,2430,3578.5,2430,0,662,1768,1295,775,360,0,1699,731,0,27.2,72.8,53.3,31.9,14.8,0,69.9,30.1,5,1,250.8113563,2,5,90.33269574,1,28.45960658,28.45960658,0,0,0,1,29.53843445,29.53843445,0,0,0,0,0,0,0,0,0,2,8,20.5,0,0,0,0,0,0,3,14,31.23845544,0,0,0,0,0,0
A21,PK26,นพรัตน์,PK26 นพรัตน์,761,59,7.84,3.2,28,2.87,2688,7703.9,2688,0,917,1771,689,1551,448,0,2688,0,0,34.1,65.9,25.6,57.7,16.7,0,100,0,6,45,229.3408319,3,100,302.9451919,0,0,0,0,0,0,0,0,0,0,0,0,0,0,0,0,0,0,3,1.5,33.33899669,0,0,0,0,0,0,5,7,64.98923574,0,0,0,0,0,0
A21,PK27,บางชัน,PK27 บางชัน,713,37,9.36,2.5,28,3.03,2762,5693,2762,42,458,2262,1063,1615,84,458,1293,1011,1.5,16.6,81.9,38.5,58.5,3,16.6,46.8,36.6,8,37,252.5946783,4,45,273.2282253,0,0,0,0,0,0,0,0,0,0,0,0,0,0,0,0,0,0,3,20,22.41888782,0,0,0,0,0,0,10,0.5,90.16331228,0,0,0,0,0,0
A21,PK28,เศรษฐบุตรบำเพ็ญ,PK28 เศรษฐบุตรบำเพ็ญ,862,49,8.14,2.6,28,3.51,2111,6538.1,2111,137,277,1697,1902,94,115,137,1558,416,6.5,13.1,80.4,90.1,4.5,5.4,6.5,73.8,19.7,8,90,287.4013899,4,54,191.8675334,0,0,0,0,0,0,0,0,0,0,0,0,0,0,0,0,0,0,2,12,32,0,0,0,0,0,0,8,4,96.39722386,0,0,0,0,0,0
A21,PK29,ตลาดมีนบุรี,PK29 ตลาดมีนบุรี,3071,34,9.46,3.5,28,2.6,2108,4941.4,2108,0,351,1757,576,1352,180,118,1023,967,0,16.7,83.3,27.3,64.1,8.5,5.6,48.5,45.9,7,6,221.3967672,12,8,170.7039316,4,75,258.842301,0,0,0,1,4,4,0,0,0,0,0,0,3,160.6323082,293.6867302,2,7,9.5,0,0,0,0,0,0,6,3,78.03758024,0,0,0,0,0,0
A21,PK30,มีนบุรี,PK30 มีนบุรี,1811,39,7.59,1.5,35,4.96,2388,4690.8,2388,0,891,1497,1839,482,67,178,228,1982,0,37.3,62.7,77,20.2,2.8,7.5,9.5,83,3,296.5364997,398.246195,2,97,213.2012457,0,0,0,0,0,0,0,0,0,0,0,0,0,0,0,1,324.1778822,324.1778822,1,5.5,5.5,1,70,70,1,90,90,5,35,172.164979,0,0,0,0,0,0
A21,PP01,คลองบางไผ่,PP01 คลองบางไผ่,6697,48,15.16,4,59.5,2.11,2559,5200.3,2559,537,858,1164,2059,90,410,707,1143,709,21,33.5,45.5,80.5,3.5,16,27.6,44.7,27.7,3,2,22.33333333,3,45,202.3490959,0,0,0,0,0,0,3,5,33.33333333,0,0,0,0,0,0,1,95,95,4,12,44.86368985,1,20,20,1,166,166,3,5,16.66666667,0,0,0,0,0,0
A21,PP02,ตลาดบางใหญ่,PP02 ตลาดบางใหญ่,5427,57,8.49,5,52.5,2.16,3840,8843.1,3840,0,1724,2116,2872,658,310,1064,1556,1220,0,44.9,55.1,74.8,17.1,8.1,27.7,40.5,31.8,4,43.67183868,112.9179597,8,16,192.1779597,1,300.931835,300.931835,0,0,0,4,1,103.8104835,0,0,0,0,0,0,0,0,0,2,7,9.5,0,0,0,0,0,0,3,3,112.0814837,0,0,0,0,0,0
A21,PP03,สามแยกบางใหญ่,PP03 สามแยกบางใหญ่,1451,54,7.27,3.1,49,2.33,2260,7456.6,2260,279,1981,0,1870,324,66,617,1515,128,12.3,87.7,0,82.7,14.3,2.9,27.3,67,5.7,5,2,98.44667924,3,37,139,0,0,0,0,0,0,0,0,0,0,0,0,0,0,0,0,0,0,2,2,11,1,5,5,1,5,5,7,10,110.2344738,0,0,0,0,0,0
A21,PP04,บางพลู,PP04 บางพลู,2194,20,10.75,3,42,2.37,3494,3890.9,3494,1348,2146,0,3494,0,0,479,3015,0,38.6,61.4,0,100,0,0,13.7,86.3,0,5,81.15738692,272.2410374,3,52.14340468,54.37994387,0,0,0,0,0,0,1,4,4,0,0,0,0,0,0,0,0,0,4,2,6.5,0,0,0,0,0,0,5,4,96.4202246,0,0,0,0,0,0
A21,PP05,บางรักใหญ่,PP05 บางรักใหญ่,1065,26,9.54,1.5,49,3.01,1511,3380.9,1511,1349,54,108,1511,0,0,150,1199,162,89.3,3.6,7.1,100,0,0,9.9,79.4,10.7,3,66,166.3333333,2,20,21,0,0,0,0,0,0,0,0,0,0,0,0,0,0,0,0,0,0,2,7,36,0,0,0,0,0,0,5,6,39.43478726,0,0,0,0,0,0
A21,PP06,บางรักน้อยท่าอิฐ,PP06 บางรักน้อยท่าอิฐ,2440,18,14.16,1.5,49,2.43,2100.6,3312.3,2100.6,169,1401.6,530,1427.6,519,154,0,1213,887.6,8,66.7,25.2,68,24.7,7.3,0,57.7,42.3,4,65,244.9824174,4,10,223.2830898,0,0,0,0,0,0,1,6,6,0,0,0,0,0,0,0,0,0,2,10,11,1,16,16,1,60,60,2,9,18,0,0,0,0,0,0
A21,PP07,ไทรม้า,PP07 ไทรม้า,2104,9,11.09,2.4,49,3,1353,1139.5,1353,0,0,1353,1353,0,0,0,506,847,0,0,100,100,0,0,0,37.4,62.6,3,11,182.2596355,2,12,33.5,0,0,0,0,0,0,0,0,0,0,0,0,0,0,0,0,0,0,2,6,6.5,0,0,0,0,0,0,3,1,6,0,0,0,0,0,0
A21,PP08,สะพานพระนั่งเกล้า,PP08 สะพานพระนั่งเกล้า,2817,39,9.01,2.9,35,3.82,3480,4082.8,3480,0,348,3132,2504,632,344,213,1712,1555,0,10,90,72,18.2,9.9,6.1,49.2,44.7,7,17.04530868,266.3506278,4,12,202.5989066,0,0,0,1,90,90,0,0,0,0,0,0,0,0,0,0,0,0,1,72,72,0,0,0,0,0,0,4,3,124.8121076,0,0,0,0,0,0
A21,PP09,แยกนนทบุรี 1,PP09 แยกนนทบุรี 1,3261,20,13.77,2,42,2.57,3552,3905,3552,0,946,2606,2665,887,0,99,2280,1173,0,26.6,73.4,75,25,0,2.8,64.2,33,3,55,191,4,26,164.5920961,0,0,0,0,0,0,1,15,15,0,0,0,0,0,0,0,0,0,2,11,11.5,1,32,32,1,51,51,2,10,11.5,0,0,0,0,0,0
A21,PP10,บางกระสอ,PP10 บางกระสอ,2654,38,8.39,3.3,49,2.5,1528,5036.7,1528,0,688,840,1528,0,0,214,744,570,0,45,55,100,0,0,14,48.7,37.3,4,3,188.8153825,3,27,185.1805121,0,0,0,0,0,0,0,0,0,1,42,42,0,0,0,0,0,0,2,2,9,0,0,0,0,0,0,2,3,6.5,0,0,0,0,0,0
A21,PP12,กระทรวงสาธารณะสุข,PP12 กระทรวงสาธารณะสุข,4496,42,5.83,2.6,21,2.41,2325,4432.6,2325,0,1129,1196,648,1561,116,495,1687,143,0,48.6,51.4,27.9,67.1,5,21.3,72.6,6.2,5,38,97.05342584,2,13,29,0,0,0,0,0,0,0,0,0,0,0,0,1,145,145,0,0,0,0,0,0,0,0,0,0,0,0,3,20,100.5270176,0,0,0,0,0,0
A21,PP14,วงศ์สว่าง,PP14 วงศ์สว่าง,3095,83,5.09,2.3,24.5,2.88,3189,5904.6,3189,0,890,2299,389,1089,1711,0,512,2677,0,27.9,72.1,12.2,34.1,53.7,0,16.1,83.9,11,5.066361444,264.64459,4,6,116.352209,0,0,0,0,0,0,0,0,0,0,0,0,0,0,0,0,0,0,0,0,0,0,0,0,0,0,0,6,5,122.2282908,0,0,0,0,0,0
AEC,A04,หัวหมาก,ARL หัวหมาก และ MRT หัวหมาก,7467.578947,70,6.29,3.5,12,2.75,8285,10588.9,8285,0,4096,3329,1030,324,6931,670,5305,2310,0,49.4,40.2,12.4,3.9,83.7,8.1,64,27.9,6,91,336.2356665,8,10,127.7801532,1,182.7642892,182.7642892,0,0,0,1,140,140,0,0,0,0,0,0,0,0,0,2,5,12.5,1,120,120,1,10,10,3,5,33.33333333,0,0,0,0,0,0
AEC,YL11,หัวหมาก,ARL หัวหมาก และ MRT หัวหมาก,3225,70,6.29,3.5,12,2.75,8285,10588.9,8285,0,4096,3329,1030,324,6931,670,5305,2310,0,49.4,40.2,12.4,3.9,83.7,8.1,64,27.9,6,91,336.2356665,8,10,127.7801532,1,182.7642892,182.7642892,0,0,0,1,140,140,0,0,0,0,0,0,0,0,0,2,5,12.5,1,120,120,1,10,10,3,5,33.33333333,0,0,0,0,0,0
AEC,S07,กรุงธนบุรี,BTS กรุงธนบุรี และ MRT กรุงธนบุรี,11356,123,4.29,1.5,9,6.11,4682,10710.3,4438,0,900,3782,205,3887,590,0,1022,3660,0,19.2,80.8,4.4,83,12.6,0,21.8,78.2,4,17,70.25,3,5,9,0,0,0,0,0,0,1,5,5,0,0,0,0,0,0,0,0,0,0,0,0,1,2,2,1,2,2,4,6,8.5,0,0,0,0,0,0
AEC,G1,กรุงธนบุรี,BTS กรุงธนบุรี และ MRT กรุงธนบุรี,3378.454545,123,4.29,1.5,9,6.11,4682,10710.3,4438,0,900,3782,205,3887,590,0,1022,3660,0,19.2,80.8,4.4,83,12.6,0,21.8,78.2,4,17,70.25,3,5,9,0,0,0,0,0,0,1,5,5,0,0,0,0,0,0,0,0,0,0,0,0,1,2,2,1,2,2,4,6,8.5,0,0,0,0,0,0
AEC,S12,บางหว้า,BTS บางหว้า และ MRT บางหว้า,16969,76,5.68,1.5,62,2.55,4320,11357.5,4320,0,2500,1320,2280,2040,0,0,3200,1120,0,57.9,30.6,52.8,47.2,0,0,74.1,25.9,8,10,208.2458971,5,12,169.8822262,0,0,0,0,0,0,2,21,21,0,0,0,0,0,0,1,30,30,1,32,32,0,0,0,2,10,10,12,10,154.8499118,0,0,0,0,0,0
AEC,BL34,บางหว้า,BTS บางหว้า และ MRT บางหว้า,11869,76,5.68,1.5,62,2.55,4320,11357.5,4320,0,2500,1320,2280,2040,0,0,3200,1120,0,57.9,30.6,52.8,47.2,0,0,74.1,25.9,8,10,208.2458971,5,12,169.8822262,0,0,0,0,0,0,2,21,21,0,0,0,0,0,0,1,30,30,1,32,32,0,0,0,2,10,10,12,10,154.8499118,0,0,0,0,0,0
AEC,N02,พญาไท,BTS พญาไท และ APL พญาไท,22095,92,4.17,3,12,2.7,6334,6405.5,6079,0,0,6303,4403,1450,450,0,0,6303,0,0,99.5,69.5,22.9,7.1,0,0,99.5,12,43,277.8837678,13,11,253.1125698,0,0,0,0,0,0,0,0,0,3,24,187.246385,0,0,0,0,0,0,6,24,184.9060487,1,40,40,1,40,40,3,43,79,4,21,96.00666478,0,0,0
AEC,A08,พญาไท,BTS พญาไท และ APL พญาไท,16150.15789,92,4.17,3,12,2.7,6334,6405.5,6079,0,0,6303,4403,1450,450,0,0,6303,0,0,99.5,69.5,22.9,7.1,0,0,99.5,12,43,277.8837678,13,11,253.1125698,0,0,0,0,0,0,0,0,0,3,24,187.246385,0,0,0,0,0,0,6,24,184.9060487,1,40,40,1,40,40,3,43,79,4,21,96.00666478,0,0,0
AEC,N17,วัดพระศรีมหาธาตุ,BTS วัดพระศรีมหาธาตุ และ MRT วัดพระศรีมหาธาตุ,23791,34,7.12,3,12,2.64,4941,10503.4,4886,0,1550,3391,4440,445,55,0,2290,2650,0,31.4,68.6,89.9,9,1.1,0,46.3,53.6,5,52,218.8,5,20,66.6,0,0,0,0,0,0,1,10,10,0,0,0,0,0,0,0,0,0,2,15,57.5,0,0,0,1,5,5,7,5,14.28571429,0,0,0,0,0,0
AEC,PK16,วัดพระศรีมหาธาตุ,BTS วัดพระศรีมหาธาตุ และ MRT วัดพระศรีมหาธาตุ,1470,34,7.12,3,12,2.64,4941,10503.4,4886,0,1550,3391,4440,445,55,0,2290,2650,0,31.4,68.6,89.9,9,1.1,0,46.3,53.6,5,52,218.8,5,20,66.6,0,0,0,0,0,0,1,10,10,0,0,0,0,0,0,0,0,0,2,15,57.5,0,0,0,1,5,5,7,5,14.28571429,0,0,0,0,0,0
AEC,S02,ศาลาแดง,BTS ศาลาแดง  และ MRT สีลม,29675,87,5.54,2.5,15,1.99,10281.8,10602.3,10242.8,0,0,10281.8,7831.8,2050,400,0,0,10281.8,0,0,100,76.2,19.9,3.9,0,0,100,12,3,315.6344442,20,6,173.4244095,2,6,194.7185046,0,0,0,0,0,0,4,6,306.3277905,0,0,0,0,0,0,7,147.5646543,344.8359166,3,77.85345213,179.3841232,3,77.85345213,179.3841232,0,0,0,7,27,153.4935877,0,0,0
AEC,BL26,สีลม,BTS ศาลาแดง  และ MRT สีลม,25542,87,5.54,2.5,15,1.99,10281.8,10602.3,10242.8,0,0,10281.8,7831.8,2050,400,0,0,10281.8,0,0,100,76.2,19.9,3.9,0,0,100,12,3,315.6344442,20,6,173.4244095,2,6,194.7185046,0,0,0,0,0,0,4,6,306.3277905,0,0,0,0,0,0,7,147.5646543,344.8359166,3,77.85345213,179.3841232,3,77.85345213,179.3841232,0,0,0,7,27,153.4935877,0,0,0
AEC,S06,สะพานตากสิน,BTS สะพานตากสิน,13908,68,4.77,1.5,12,1.92,4687,7026.8,4687,0,0,4687,2997,760,930,800,3493,394,0,0,100,63.9,16.2,19.8,17.1,74.5,8.4,8,110,282.1946709,7,30,249.0313458,1,30,30,0,0,0,0,0,0,5,27.20032033,244.7281298,0,0,0,1,27.20032033,27.20032033,2,20,70.11827168,0,0,0,2,20,70.11827168,1,22,22,2,52,89.12917818,0,0,0
AEC,E15,สำโรง,BTS สำโรง และ MRT  สำโรง,16742,67,4.54,2.5,12,2.34,5984,8341.5,4884,0,4600,1384,1584,3700,700,0,5500,484,0,76.9,23.1,26.5,61.8,11.7,0,91.9,8.1,5,5,143.9961653,10,5,220.1008581,2,99,194.5,1,120,120,2,5,10.5,1,290,290,0,0,0,0,0,0,5,5,42.14089079,1,300,300,1,98,98,5,5,63.93205655,0,0,0,0,0,0
AEC,YL23,สำโรง,BTS สำโรง และ MRT  สำโรง,4158,67,4.54,2.5,12,2.34,5984,8341.5,4884,0,4600,1384,1584,3700,700,0,5500,484,0,76.9,23.1,26.5,61.8,11.7,0,91.9,8.1,5,5,143.9961653,10,5,220.1008581,2,99,194.5,1,120,120,2,5,10.5,1,290,290,0,0,0,0,0,0,5,5,42.14089079,1,300,300,1,98,98,5,5,63.93205655,0,0,0,0,0,0
AEC,N08,หมอชิต,BTS หมอชิต และ MRT สวนจตุจักร,35483,39,5.87,3.5,15,2.04,6520,7658.5,6520,0,0,6520,0,2656,3864,0,76,6444,0,0,100,0,40.7,59.3,0,1.2,98.8,7,15,155.618519,14,5,183.1791349,0,0,0,0,0,0,6,8,116.3946624,1,200,200,0,0,0,3,84.8292611,172.3309963,4,5,132.9632957,1,134.5235809,134.5235809,0,0,0,2,16,103.5942145,0,0,0,0,0,0
AEC,BL13,สวนจตุจักร,BTS หมอชิต และ MRT สวนจตุจักร,29619,39,5.87,3.5,15,2.04,6520,7658.5,6520,0,0,6520,0,2656,3864,0,76,6444,0,0,100,0,40.7,59.3,0,1.2,98.8,7,15,155.618519,14,5,183.1791349,0,0,0,0,0,0,6,8,116.3946624,1,200,200,0,0,0,3,84.8292611,172.3309963,4,5,132.9632957,1,134.5235809,134.5235809,0,0,0,2,16,103.5942145,0,0,0,0,0,0
AEC,N09,5 แยกลาดพร้าว,BTS ห้าแยกลาดพร้าว และ MRT พหลโยธิน,26705,109,5.18,2,21,1.8,8614,13566.8,7220,0,450,7474,4592,2422,1600,290,1204,7120,0,5.2,86.8,53.3,28.1,18.6,3.4,14,82.7,11,10,204.2997285,13,5,164.6821453,0,0,0,0,0,0,4,5,111.7912702,0,0,0,0,0,0,0,0,0,5,5,32.8,1,17.34830673,17.34830673,1,494.6346485,494.6346485,8,2,83.02510477,7,9,178.5280057,0,0,0
AEC,BL14,พหลโยธิน,BTS ห้าแยกลาดพร้าว และ MRT พหลโยธิน,16411,109,5.18,2,21,1.8,8614,13566.8,7220,0,450,7474,4592,2422,1600,290,1204,7120,0,5.2,86.8,53.3,28.1,18.6,3.4,14,82.7,11,10,204.2997285,13,5,164.6821453,0,0,0,0,0,0,4,5,111.7912702,0,0,0,0,0,0,0,0,0,5,5,32.8,1,17.34830673,17.34830673,1,494.6346485,494.6346485,8,2,83.02510477,7,9,178.5280057,0,0,0
AEC,N03,อนุสาวรีย์ชัยสมรภูมิ,BTS อนุสาวรีย์ชัยสมรภูมิ,22424,54,5.56,3,15,2.07,6569,5952.6,5200,0,0,6569,1310,3849,1410,0,0,6569,0,0,100,19.9,58.6,21.5,0,0,100,13,29,322.7723927,22,5,273.7946011,0,0,0,0,0,0,2,190,197.9862811,2,189.4090355,219.7045178,0,0,0,5,259.4951751,353.8042841,5,10,205.9688802,0,0,0,0,0,0,3,12,66.92646542,2,32,42.75451032,0,0,0
AEC,E04,อโศก,BTS อโศก และ MRT สุขุมวิท,52388,77,5.62,3,12,2.11,9538,10130.5,9124,0,0,9538,4148,3990,1400,0,240,9298,0,0,100,43.5,41.8,14.7,0,2.5,97.5,10,31.46742329,228.1340689,14,5,162.7295789,0,0,0,0,0,0,4,5,70.75,2,160,221.247055,0,0,0,0,0,0,0,0,0,1,49,49,1,49,49,6,4,86.58105791,8,4,84.36839119,0,0,0
AEC,BL22,สุขุมวิท,BTS อโศก และ MRT สุขุมวิท,44114,77,5.62,3,12,2.11,9538,10130.5,9124,0,0,9538,4148,3990,1400,0,240,9298,0,0,100,43.5,41.8,14.7,0,2.5,97.5,10,31.46742329,228.1340689,14,5,162.7295789,0,0,0,0,0,0,4,5,70.75,2,160,221.247055,0,0,0,0,0,0,0,0,0,1,49,49,1,49,49,6,4,86.58105791,8,4,84.36839119,0,0,0
AEC,BL01,ท่าพระ,MRT ท่าพระ,8544,106,4.88,2.5,15,2.01,3993,8394.2,3963,0,0,3993,2543,1450,0,0,0,3993,0,0,100,63.7,36.3,0,0,0,100,11,170,283.113548,5,5,200.4526934,0,0,0,0,0,0,0,0,0,0,0,0,0,0,0,0,0,0,0,0,0,0,0,0,0,0,0,6,10,167.6738276,0,0,0,0,0,0
AEC,BL11,บางซื่อ,MRT บางซื่อ และ SRT กรงเทพอภิวัฒน์,14635,19,6.67,3,12,1.57,2869,2264.3,2792,0,1787,1082,2334,258,277,0,2511,358,0,62.3,37.7,81.4,9,9.7,0,87.5,12.5,3,3,11.66666667,3,10,17.66666667,0,0,0,0,0,0,2,5,10,0,0,0,0,0,0,0,0,0,0,0,0,0,0,0,0,0,0,0,0,0,0,0,0,0,0,0
AEC,RN01,กรุงเทพอภิวัฒน์,MRT บางซื่อ และ SRT กรงเทพอภิวัฒน์,9347.636364,19,6.67,3,12,1.57,2869,2264.3,2792,0,1787,1082,2334,258,277,0,2511,358,0,62.3,37.7,81.4,9,9.7,0,87.5,12.5,3,3,11.66666667,3,10,17.66666667,0,0,0,0,0,0,2,5,10,0,0,0,0,0,0,0,0,0,0,0,0,0,0,0,0,0,0,0,0,0,0,0,0,0,0,0
AEC,PP15,บางซ่อน,MRT บางซ่อน และ SRT บางซ่อน,4510,98,3.94,2.5,12,1.8,4918,8783.7,4918,0,0,4918,818,2050,2050,0,1200,3718,0,0,100,16.6,41.7,41.7,0,24.4,75.6,12,5,230.8897274,11,6,185.644145,0,0,0,0,0,0,0,0,0,2,63,122.4430833,0,0,0,0,0,0,0,0,0,2,76.52064512,118.2603226,4,64,121.1219525,4,4,122.5073146,0,0,0,0,0,0
AEC,RW02,บางซ่อน,MRT บางซ่อน และ SRT บางซ่อน,519,98,3.94,2.5,12,1.8,4918,8783.7,4918,0,0,4918,818,2050,2050,0,1200,3718,0,0,100,16.6,41.7,41.7,0,24.4,75.6,12,5,230.8897274,11,6,185.644145,0,0,0,0,0,0,0,0,0,2,63,122.4430833,0,0,0,0,0,0,0,0,0,2,76.52064512,118.2603226,4,64,121.1219525,4,4,122.5073146,0,0,0,0,0,0
AEC,BL09,บางโพ,MRT บางโพ,5028,74,4.23,2.5,9,2.55,3300,5268.9,3300,0,0,3300,0,2000,1300,0,0,3300,0,0,100,0,60.6,39.4,0,0,100,8,102.7212542,239.9478445,7,9,87.20012531,0,0,0,0,0,0,0,0,0,1,220,220,0,0,0,0,0,0,0,0,0,0,0,0,0,0,0,5,5,71.25959322,0,0,0,0,0,0
AEC,BL15,ลาดพร้าว,MRT ลาดพร้าว สีน้ำเงิน และ MRT ลาดพร้าว สีเหลือง,20450,114,5.15,3,12,2.43,4697,13848.2,4697,0,570,3777,2549,1828,320,0,1189,3508,0,12.1,80.4,54.3,38.9,6.8,0,25.3,74.7,7,20,239.0117865,10,2,168.31522,0,0,0,0,0,0,0,0,0,0,0,0,0,0,0,0,0,0,3,2,27.66666667,1,9,9,1,9,9,6,9,142.3919021,1,51,51,0,0,0
AEC,YL01,ลาดพร้าว,MRT ลาดพร้าว สีน้ำเงิน และ MRT ลาดพร้าว สีเหลือง,10796,114,5.15,3,12,2.43,4697,13848.2,4697,0,570,3777,2549,1828,320,0,1189,3508,0,12.1,80.4,54.3,38.9,6.8,0,25.3,74.7,7,20,239.0117865,10,2,168.31522,0,0,0,0,0,0,0,0,0,0,0,0,0,0,0,0,0,0,3,2,27.66666667,1,9,9,1,9,9,6,9,142.3919021,1,51,51,0,0,0
AEC,PP11,ศูนย์ราชการนนทบุรี,MRT ศูนย์ราชการนนทบุรี (สีม่วง) และ ศูนย์ราชการนนทบุรี (สีชมพู),5266,81,4.89,3,10,1.91,6598,13804.2,6380,0,0,6598,2319,2180,2099,0,0,6598,0,0,100,35.1,33,31.8,0,0,100,12,6,212.4325575,6,2,63,0,0,0,0,0,0,3,25,27.36299707,0,0,0,0,0,0,0,0,0,5,9,234.3242984,1,68.51183643,68.51183643,1,68.51183643,68.51183643,11,5,179.1864292,0,0,0,0,0,0
AEC,PK01,ศูนย์ราชการนนทบุรี,MRT ศูนย์ราชการนนทบุรี (สีม่วง) และ ศูนย์ราชการนนทบุรี (สีชมพู),3117,81,4.89,3,10,1.91,6598,13804.2,6380,0,0,6598,2319,2180,2099,0,0,6598,0,0,100,35.1,33,31.8,0,0,100,12,6,212.4325575,6,2,63,0,0,0,0,0,0,3,25,27.36299707,0,0,0,0,0,0,0,0,0,5,9,234.3242984,1,68.51183643,68.51183643,1,68.51183643,68.51183643,11,5,179.1864292,0,0,0,0,0,0
AEC,BL31,สนามไชย,MRT สนามไชย,9083,65,5.45,2.5,18,1.75,12935.5,6238.7,11471.5,0,0,12385.5,6135.5,5871,929,1858,2599,8478.5,0,0,95.7,47.4,45.4,7.2,14.4,20.1,65.5,16,8.465533398,314.9332952,3,5,120.232946,0,0,0,0,0,0,3,140,252.5614095,15,3.675311966,279.9271126,0,0,0,0,0,0,0,0,0,0,0,0,0,0,0,1,402.4170542,402.4170542,0,0,0,0,0,0
AEC,BL28,หัวลำโพง,MRT หัวลำโพง,7900,148,5.13,1.5,15,2.06,13769,11209.1,13480,0,941,12828,7060,2999,3710,700,3942,9127,0,6.8,93.2,51.3,21.8,26.9,5.1,28.6,66.3,15,49,255.2373571,5,2,329.2876906,0,0,0,0,0,0,2,190,203.5176642,7,15,316.9299626,0,0,0,0,0,0,5,53,131.5468431,2,130,187.0438359,2,130,187.0438359,3,9,143.1981771,3,15,67.43680979,0,0,0
AEC,BL10,เตาปูน,MRT เตาปูน,,113,4.16,2,10,1.95,5103,7357.8,4853,0,365,4388,2553,1750,800,0,750,4353,0,7.2,86,50,34.3,15.7,0,14.7,85.3,9,83,234.9268897,14,6,252.0173159,0,0,0,0,0,0,0,0,0,8,21,168.9715122,0,0,0,0,0,0,1,40,40,0,0,0,0,0,0,4,4,61.05461514,0,0,0,0,0,0
AEC,BL21,เพชรบุรี,MRT เพชรบุรี และ ARL มักกะสัน,35458,61,6.43,3,12,2.43,6198,13069.3,6075,0,450,5558,4176,2022,0,920,300,4978,0,7.3,89.7,67.4,32.6,0,14.8,4.8,80.3,9,5,277.1792783,9,10,144.3645145,0,0,0,0,0,0,1,9,9,0,0,0,0,0,0,0,0,0,3,9,19.90458625,4,87,231.237177,4,87,231.237177,5,3,185.5897416,0,0,0,0,0,0
AEC,A06,มักกะสัน,MRT เพชรบุรี และ ARL มักกะสัน,13594.78947,61,6.43,3,12,2.43,6198,13069.3,6075,0,450,5558,4176,2022,0,920,300,4978,0,7.3,89.7,67.4,32.6,0,14.8,4.8,80.3,9,5,277.1792783,9,10,144.3645145,0,0,0,0,0,0,1,9,9,0,0,0,0,0,0,0,0,0,3,9,19.90458625,4,87,231.237177,4,87,231.237177,5,3,185.5897416,0,0,0,0,0,0
AEC,PK10,เมืองทองธานี,MRT เมืองทองธานี,1281,37,5.46,3.5,12,1.31,3120,5892.9,3120,0,2350,770,2620,500,0,240,2140,740,0,75.3,24.7,84,16,0,7.7,68.6,23.7,5,170,212.7344451,2,210.7826787,243.6033727,0,0,0,0,0,0,0,0,0,1,220,220,0,0,0,0,0,0,3,7,50.33333333,0,0,0,0,0,0,9,6,62.74149695,0,0,0,0,0,0
AEC,RN08,ดอนเมือง,SRT ดอนเมือง,6600,62,4.95,3,12,1.24,5859,7117.1,3392,0,0,5859,4531,1000,328,0,328,5311,0,0,100,77.3,17.1,5.6,0,5.6,90.6,3,30,86.66666667,4,10,132.5,0,0,0,0,0,0,1,10,10,0,0,0,0,0,0,0,0,0,5,10,56,6,17,88.33333333,2,81,82,5,5,26,0,0,0,0,0,0
AEC,RN06,หลักสี่,SRT หลักสี่ และ MRT หลักสี่,3758.272727,87,5.66,1.5,12,1.81,9468,16971.2,9468,0,4030,5438,7578,1890,0,0,5364,4104,0,42.6,57.4,80,20,0,0,56.7,43.3,8,10,286.4128082,6,2,162.3783067,2,5,77.69256455,0,0,0,0,0,0,0,0,0,0,0,0,0,0,0,4,5,17.48591805,2,14.98646297,19.49323149,2,10,12.49323149,5,5,158.9206613,0,0,0,0,0,0
AEC,PK14,หลักสี่,SRT หลักสี่ และ MRT หลักสี่,4525,87,5.66,1.5,12,1.81,9468,16971.2,9468,0,4030,5438,7578,1890,0,0,5364,4104,0,42.6,57.4,80,20,0,0,56.7,43.3,8,10,286.4128082,6,2,162.3783067,2,5,77.69256455,0,0,0,0,0,0,0,0,0,0,0,0,0,0,0,4,5,17.48591805,2,14.98646297,19.49323149,2,10,12.49323149,5,5,158.9206613,0,0,0,0,0,0
CUTI,A03,บ้านทับช้าง,ARL บ้านทับช้าง,4367.789474,12,7.75,5,12,4.07,1270,3340.7,1270,0,573,697,704,323,243,0,1048,222,0,45.1,54.9,55.4,25.4,19.1,0,82.5,17.5,0,0,0,2,55,120.9548935,0,0,0,0,0,0,1,200.0237372,200.0237372,0,0,0,0,0,0,0,0,0,2,45,45,6,85,220.5788447,2,116,182.7858907,0,0,0,0,0,0,0,0,0
CUTI,A07,ราชปรารภ,ARL ราชปรารภ,4550.684211,29,8.66,4,16,2.58,7286.9,4509.4,7286.9,0,1514.3,5772.5,1327.7,3616.7,2342.5,987.6,1584.6,4714.7,0,20.8,79.2,18.2,49.6,32.1,13.6,21.7,64.7,9,115.6743669,314.2043108,11,5.753580343,218.2555604,0,0,0,0,0,0,1,153.2923919,153.2923919,1,5.753580343,5.753580343,0,0,0,0,0,0,1,14,14,0,0,0,0,0,0,0,0,0,0,0,0,0,0,0
CUTI,A05,รามคำแหง,ARL รามคำแหง,7074.210526,65,5.52,2.1,10,1.76,10974,7330,10222,112,8050,2812,693,7070,3211,2570,6915,1489,1,73.4,25.6,6.3,64.4,29.3,23.4,63,13.6,8,120.0032327,314.9864803,12,49.96167056,295.1260516,1,70.80011549,70.80011549,1,226.9665849,226.9665849,0,0,0,0,0,0,0,0,0,0,0,0,0,0,0,2,199.9557588,291.5784202,0,0,0,1,25.24154442,25.24154442,0,0,0,0,0,0
CUTI,A02,ลาดกระบัง,ARL ลาดกระบัง,11388.57895,47,5.76,3.1,16,2.75,2579,6677.5,2071,69,475,2035,461,1046,1072,841,442,1296,2.7,18.4,78.9,17.9,40.6,41.6,32.6,17.1,50.3,2,105,180.6496081,1,110,110,1,99,99,0,0,0,1,60,60,0,0,0,0,0,0,0,0,0,2,25,81.00567242,2,108,182.6566292,2,25,125.9108848,0,0,0,0,0,0,0,0,0
CUTI,E01,ชิดลม,BTS ชิดลม,27095,36,7.43,4,13,3.09,10784,5667.1,10158,0,4853,5931,1990,8794,0,0,4543,6241,0,45,55,18.5,81.5,0,0,42.1,57.9,8,5,245.3376358,13,14.16016421,329.4264046,0,0,0,0,0,0,0,0,0,1,170,170,0,0,0,0,0,0,2,90,273.3639617,0,0,0,0,0,0,0,0,0,3,42.20118569,206.017175,0,0,0
CUTI,E17,ช้างเอราวัณ,BTS ช้างเอราวัณ,5285,37,4.72,2,15,2.43,2653,2394.5,2353,0,0,2653,2653,0,0,0,0,2653,0,0,100,100,0,0,0,0,100,7,16,242.0007747,3,13,103.0591333,0,0,0,0,0,0,0,0,0,0,0,0,0,0,0,0,0,0,2,22,25.5,0,0,0,0,0,0,3,25,41.93850049,0,0,0,0,0,0
CUTI,E06,ทองหล่อ,BTS ทองหล่อ,16109,18,5.69,4,14,2.39,4728,3367.6,3204,136,511,4081,365,4123,240,246,1592,2890,2.9,10.8,86.3,7.7,87.2,5.1,5.2,33.7,61.1,8,8.619104088,200.3316283,11,30,197.8822426,0,0,0,0,0,0,0,0,0,0,0,0,0,0,0,0,0,0,0,0,0,0,0,0,0,0,0,4,8,103.0054225,2,8,9,0,0,0
CUTI,E03,นานา,BTS นานา,13573,23,5.87,4,10,2.42,11962,7243.8,11636,0,3887,8075,6297,5665,0,0,3613,8349,0,32.5,67.5,52.6,47.4,0,0,30.2,69.8,4,30,155.2968842,10,22.765457,244.3267218,0,0,0,0,0,0,0,0,0,0,0,0,0,0,0,0,0,0,0,0,0,0,0,0,0,0,0,3,5,20,3,5,231.6666667,0,0,0
CUTI,E10,บางจาก,BTS บางจาก,10182,46,5.14,3,15,1.96,2960,4687.2,2960,0,220,2740,2670,290,0,0,220,2740,0,7.4,92.6,90.2,9.8,0,0,7.4,92.6,7,30,249.9678358,5,51.38460513,120.7016652,1,257.9229555,257.9229555,1,268.537685,268.537685,0,0,0,0,0,0,0,0,0,0,0,0,0,0,0,0,0,0,0,0,0,6,3,22.08989396,0,0,0,0,0,0
CUTI,E13,บางนา,BTS บางนา,10410,13,6.73,3.5,15,2.05,1570,1570.4,1570,0,110,1460,0,760,810,0,0,1570,0,7,93,0,48.4,51.6,0,0,100,3,24,166.9527342,5,11,143.8366409,0,0,0,0,0,0,0,0,0,0,0,0,0,0,0,0,0,0,0,0,0,0,0,0,0,0,0,4,13,35.25,0,0,0,0,0,0
CUTI,E19,ปากน้ำ,BTS ปากน้ำ,3020,29,6.67,3,10.5,1.58,4180,5193.8,4180,0,430,3750,2010,1720,450,260,600,3320,0,10.3,89.7,48.1,41.1,10.8,6.2,14.4,79.4,6,2,230.4644528,5,5,135.0699175,0,0,0,0,0,0,0,0,0,0,0,0,0,0,0,0,0,0,0,0,0,0,0,0,0,0,0,2,2,29,0,0,0,0,0,0
CUTI,E11,ปุณณวิถี,BTS ปุณณวิถี,12371,56,5.05,3.5,12,1.38,4916,6557.5,4916,0,1000,3916,816,4100,0,0,1000,3916,0,20.3,79.7,16.6,83.4,0,0,20.3,79.7,11,22,211.5828693,7,25,215.6542579,2,118.481216,139.240608,0,0,0,0,0,0,0,0,0,0,0,0,0,0,0,0,0,0,0,0,0,0,0,0,4,10,73.64976509,2,5,53.01199216,0,0,0
CUTI,E16,ปู่เจ้าสมิงพราย,BTS ปู่เจ้าสมิงพราย,4398,28,4.75,3,14,1.85,2900,3929,2900,0,0,2900,900,2000,0,0,0,2900,0,0,100,31,69,0,0,0,100,8,26.89790541,182.6549675,6,16,107.5626594,0,0,0,0,0,0,0,0,0,0,0,0,0,0,0,0,0,0,2,10,28.5,0,0,0,0,0,0,4,20,38.474818,0,0,0,0,0,0
CUTI,E08,พระโขนง,BTS พระโขนง,12489,21,6.74,4,11,3.49,4218,4053.9,3866,0,0,4218,0,3368,850,0,1282,2936,0,0,100,0,79.8,20.2,0,30.4,69.6,8,10,297.7084629,6,14.67324556,226.6831915,0,0,0,0,0,0,0,0,0,0,0,0,0,0,0,0,0,0,0,0,0,0,0,0,0,0,0,2,15,220.206003,1,57.91237742,57.91237742,0,0,0
CUTI,E05,พร้อมพงษ์,BTS พร้อมพงษ์,32485,25,5.1,4,10,1.92,5384,4407.8,4270,0,0,5384,0,4784,600,0,2262,3122,0,0,100,0,88.9,11.1,0,42,58,7,11.17497744,224.786466,6,15.24916232,172.5601017,0,0,0,0,0,0,0,0,0,0,0,0,0,0,0,0,0,0,2,52.60914723,74.22995344,0,0,0,0,0,0,6,4.103138284,21.20142339,0,0,0,0,0,0
CUTI,N01,ราชเทวี,BTS ราชเทวี,10730,17,8,4,20,2.96,6542,4749.6,6542,0,2244,4298,1352,3639,1551,484,2479,3579,0,34.3,65.7,20.7,55.6,23.7,7.4,37.9,54.7,6,14.78032334,255.7871225,5,20.46444802,269.0911467,0,0,0,0,0,0,2,20.46444802,81.20209622,1,100,100,0,0,0,0,0,0,6,30,181.9000596,0,0,0,0,0,0,0,0,0,0,0,0,0,0,0
CUTI,E20,ศรีนครินทร์,BTS ศรีนครินทร์,3068,36,6.94,3,15,1.81,4153,7095.9,4033,0,830,3323,77,3376,700,420,640,3093,0,20,80,1.9,81.3,16.9,10.1,15.4,74.5,6,8,232.6528209,11,6,165.8181894,0,0,0,0,0,0,0,0,0,0,0,0,0,0,0,0,0,0,0,0,0,0,0,0,0,0,0,4,12.13917189,32.84229538,0,0,0,0,0,0
CUTI,W01,สนามกีฬาแห่งชาติ,BTS สนามกีฬาแห่งชาติ,14103,26,7.94,4,20,2.92,11559,5820.1,11559,0,4291,7268,4859,6468,232,0,4033,7526,0,37.1,62.9,42,56,2,0,34.9,65.1,6,17.27456022,279.686756,4,17.96385566,243.5369905,0,0,0,0,0,0,0,0,0,4,2.66157673,120.5140582,0,0,0,0,0,0,4,2.66157673,175.3056642,0,0,0,0,0,0,2,17.29308408,57.84835724,4,21.54362012,247.1775851,0,0,0
CUTI,CEN,สยาม,BTS สยาม,49819,22,7.73,3,12,2.55,4472,4804.8,4421,0,0,4472,3522,950,0,0,1221,3251,0,0,100,78.8,21.2,0,0,27.3,72.7,6,2,139.5235391,8,5,116.9724495,0,0,0,0,0,0,1,64,64,2,3,32.77790706,0,0,0,0,0,0,0,0,0,0,0,0,0,0,0,0,0,0,3,3,129.6339258,0,0,0
CUTI,N07,สะพานควาย,BTS สะพานควาย,8091,30,6.68,4,13,3.83,3464,3999.9,3464,0,101,3363,2070,1171,223,0,728,2736,0,2.9,97.1,59.8,33.8,6.4,0,21,79,8,10,242.8079792,9,25,280.2957414,0,0,0,0,0,0,0,0,0,0,0,0,0,0,0,0,0,0,1,16.14854922,16.14854922,0,0,0,0,0,0,1,35,35,1,300,300,0,0,0
CUTI,E22,สายลวด,BTS สายลวด,1597,57,5.72,4,12,1.58,2006,8558.3,1913,93,220,1693,913,1093,0,0,693,1313,4.6,11,84.4,45.5,54.5,0,0,34.5,65.5,2,272.8680303,292.9853778,9,13.80361001,168.5889638,0,0,0,0,0,0,0,0,0,0,0,0,0,0,0,0,0,0,1,5,5,0,0,0,0,0,0,4,20,40.10803432,0,0,0,0,0,0
CUTI,E12,อุดมสุข,BTS อุดมสุข,19960,42,4.67,3,12,2.7,3464,3966.3,3464,0,0,3464,884,2580,0,0,0,3464,0,0,100,25.5,74.5,0,0,0,100,9,5,205.2129593,12,7,278.3655344,2,70.8403499,161.751018,1,459.7776082,459.7776082,1,4,4,0,0,0,0,0,0,1,269.4196489,269.4196489,0,0,0,0,0,0,0,0,0,5,14,44.81401097,0,0,0,0,0,0
CUTI,E09,อ่อนนุช,BTS อ่อนนุช,27015,43,5.21,2,12,1.89,4756,5288.2,4520,0,2096,2660,4286,470,0,740,1960,2056,0,44.1,55.9,90.1,9.9,0,15.6,41.2,43.2,6,5,179.9315274,7,20,212.79541,1,473.8705451,473.8705451,0,0,0,2,26.14737128,28.07368564,0,0,0,0,0,0,0,0,0,1,30,30,0,0,0,0,0,0,3,32.76513153,60.9192856,0,0,0,0,0,0
CUTI,E23,เคหะสมุทรปราการ,BTS เคหะสมุทรปราการ,5940,34,4.88,3,15,1.62,2800,3943.9,2800,0,0,2800,0,2400,400,0,0,2800,0,0,100,0,85.7,14.3,0,0,100,0,0,0,9,28.60393958,297.6594299,1,61,61,0,0,0,1,16,16,0,0,0,0,0,0,0,0,0,1,31,31,1,74.67401921,74.67401921,1,74.67401921,74.67401921,4,5,71.22927404,0,0,0,0,0,0
CUTI,E02,เพลินจิต,BTS เพลินจิต,21327,28,6.61,4,10,2.63,11688,5812.1,10512,0,4140,7548,4895,6793,0,367,4760,6561,0,35.4,64.6,41.9,58.1,0,3.1,40.7,56.1,7,18.29949617,202.6990043,9,20,222.1409636,0,0,0,0,0,0,0,0,0,0,0,0,0,0,0,0,0,0,1,15,15,0,0,0,0,0,0,0,0,0,3,40,156.6641043,0,0,0
CUTI,E07,เอกมัย,BTS เอกมัย,15397,15,5,4,8,2.73,3162,3206.8,3162,0,400,2762,0,3162,0,0,2296,866,0,12.7,87.3,0,100,0,0,72.6,27.4,7,115,231.6464277,6,10,175.1131011,0,0,0,0,0,0,0,0,0,0,0,0,0,0,0,0,0,0,3,103,124,1,68,68,0,0,0,4,7,132.6386288,2,7,18.5,0,0,0
CUTI,E14,แบริ่ง,BTS แบริ่ง,15054,29,5.44,4,11,1.91,4537,7133.2,4537,0,0,4537,4537,0,0,0,0,4537,0,0,100,100,0,0,0,0,100,7,16.43934038,235.4830479,12,10,262.563521,1,240,240,0,0,0,0,0,0,0,0,0,0,0,0,0,0,0,0,0,0,0,0,0,0,0,0,5,3,33.57872597,0,0,0,0,0,0
CUTI,E21,แพรกษา,BTS แพรกษา,6068,49,5.63,4,12,1.77,2800,8483.3,2800,0,0,2800,800,2000,0,0,800,2000,0,0,100,28.6,71.4,0,0,28.6,71.4,7,10,231.0950826,10,19,174.5681745,4,17,50.00406558,0,0,0,3,33,43.89955788,0,0,0,0,0,0,0,0,0,2,42,44,0,0,0,0,0,0,5,10,169.8051702,0,0,0,0,0,0
CUTI,E18,โรงเรียนนายเรือ,BTS โรงเรียนนายเรือ,2266,29,4.26,2.5,12,2.2,2000,2175.6,2000,0,1000,1000,2000,0,0,0,0,2000,0,50,50,100,0,0,0,0,100,4,159.7349991,240.949805,3,25,64.96535367,0,0,0,0,0,0,0,0,0,0,0,0,0,0,0,0,0,0,1,23,23,0,0,0,0,0,0,3,23,28.29818374,0,0,0,0,0,0
CUTI,G3,คลองสาน,BTS คลองสาน,444.1818182,30,7.27,4,9,3.31,6026,4153,5648,0,636,5390,2919,3107,0,0,3259,2767,0,10.6,89.4,48.4,51.6,0,0,54.1,45.9,14,17,250.297451,5,32,249.4108186,0,0,0,0,0,0,0,0,0,1,228,228,0,0,0,0,0,0,1,13.78512424,13.78512424,0,0,0,0,0,0,1,444.2836576,444.2836576,3,48.50518168,164.5335413,0,0,0
CUTI,S03,ช่องนนทรี,BTS ช่องนนทรี,21479,42,8.37,4,12,3.48,7645,7108.6,7645,0,1879,5766,2149,5113,383,0,1968,5677,0,24.6,75.4,28.1,66.9,5,0,25.7,74.3,11,25.99069447,312.2979273,12,22,279.0362788,0,0,0,0,0,0,0,0,0,1,411.9910601,411.9910601,0,0,0,0,0,0,3,6,33.33333333,0,0,0,0,0,0,4,4,101.195426,6,27.23592241,258.5558664,0,0,0
CUTI,S10,ตลาดพลู,BTS ตลาดพลู,7403,31,5.24,3,12,2.73,4265,4815.5,4265,0,371,3894,1885,1630,750,0,141,4124,0,8.7,91.3,44.2,38.2,17.6,0,3.3,96.7,5,155,271.5325623,11,28.95876102,221.0717079,0,0,0,0,0,0,0,0,0,0,0,0,0,0,0,0,0,0,1,10,10,0,0,0,1,44.52493492,44.52493492,4,20,71.09898452,0,0,0,0,0,0
CUTI,S01,ราชดำริ,BTS ราชดำริ,3531,22,8.8,6,13,3.53,4818,4275.7,4818,0,140,4678,1561,1512,1745,0,131,4687,0,2.9,97.1,32.4,31.4,36.2,0,2.7,97.3,7,10.80468543,234.9326613,6,52,303.5781123,0,0,0,0,0,0,0,0,0,1,458,458,0,0,0,0,0,0,1,87,87,0,0,0,0,0,0,0,0,0,3,60,330.7065524,0,0,0
CUTI,S08,วงเวียนใหญ่,BTS วงเวียนใหญ่,8824,34,6.67,2.5,12,2.94,3144,4068.3,3044,0,134,1125,338,201,720,0,1006,253,0,4.3,35.8,10.8,6.4,22.9,0,32,8,11,40,230.4976955,14,30,207.5035359,0,0,0,0,0,0,3,5,35.78991914,1,465.6310694,465.6310694,0,0,0,0,0,0,0,0,0,0,0,0,0,0,0,11,7,56.9462754,0,0,0,0,0,0
CUTI,S11,วุฒากาศ,BTS วุฒากาศ,8848,38,4.95,3,15,2.84,3956,3003.7,3956,0,1150,2806,682,1344,1930,0,1438,2378,0,29.1,70.9,17.2,34,48.8,0,36.3,60.1,6,171,357.8062424,5,10,111.477706,0,0,0,0,0,0,1,57,57,0,0,0,0,0,0,0,0,0,0,0,0,0,0,0,0,0,0,3,10,32,0,0,0,0,0,0
CUTI,N04,สนามเป้า,BTS สนามเป้า,4974,19,6.95,4,16,3.15,3729,2935.2,3119,0,0,3729,2409,989,331,0,296,3433,0,0,100,64.6,26.5,8.9,0,7.9,92.1,7,10,221.5225149,2,110,219.8078041,0,0,0,0,0,0,0,0,0,0,0,0,0,0,0,0,0,0,1,34,34,0,0,0,0,0,0,2,10,43.58654245,0,0,0,0,0,0
CUTI,S05,สุรศักดิ์,BTS สุรศักดิ์,10021,37,6.97,3,11,2.52,9237,7404.1,9153,0,1469,7768,4341,4564,332,0,2708,6529,0,15.9,84.1,47,49.4,3.6,0,29.3,70.7,6,18.4650752,279.5813986,6,6,97.39226314,0,0,0,0,0,0,0,0,0,0,0,0,0,0,0,0,0,0,2,16.03935964,19.51967982,0,0,0,0,0,0,1,10,10,2,40,47.49255148,0,0,0
CUTI,N05,อารีย์,BTS อารีย์,15947,23,6.13,4,7.5,2.66,6354,4778.8,6354,0,0,6354,2604,2961,789,0,143,6211,0,0,100,41,46.6,12.4,0,2.3,97.7,5,18.82344838,253.0454863,5,21.48834504,156.0068941,0,0,0,0,0,0,0,0,0,0,0,0,0,0,0,0,0,0,2,5,16.45714843,0,0,0,0,0,0,4,4,60.16663315,2,24,25.95714843,0,0,0
CUTI,G2,เจริญนคร,BTS เจริญนคร,4314.954545,36,6.92,4,9,3.41,7129,4343.7,6373,0,3260,3869,3154,3975,0,0,4334,2795,0,45.7,54.3,44.2,55.8,0,0,60.8,39.2,9,18.6894502,157.6433468,3,180,237.9862806,0,0,0,0,0,0,0,0,0,0,0,0,0,0,0,0,0,0,2,13.78512424,48.9426163,0,0,0,0,0,0,2,36,168,5,48.50518168,230.9201248,0,0,0
CUTI,S04,เซนต์หลุยส์,BTS เซนต์หลุยส์,7972,28,9.43,4,12,3.13,11534,5792.8,11534,0,5188,6346,2328,9062,144,0,5277,6257,0,45,55,20.2,78.6,1.2,0,45.8,54.2,6,1,124.4729329,8,14,120.6534728,0,0,0,0,0,0,0,0,0,1,14,14,0,0,0,0,0,0,0,0,0,0,0,0,0,0,0,5,15,37.73679153,4,27.23592241,180.9628732,0,0,0
CUTI,S09,โพธิ์นิมิตร,BTS โพธิ์นิมิตร,2602,24,4.73,2.5,6.5,2.52,1950,3636.5,1811,0,890,1060,86,1864,0,0,1785,165,0,45.6,54.4,4.4,95.6,0,0,91.5,8.5,1,263,263,6,31,276.5030228,0,0,0,0,0,0,0,0,0,0,0,0,0,0,0,0,0,0,3,32.83558458,39.72006656,0,0,0,0,0,0,4,13,22.77763778,0,0,0,0,0,0
CUTI,YL12,กลันตัน,MRT กลันตัน,657,11,6.23,3.5,12,2.7,1900,2771.7,1900,0,0,1900,950,950,0,0,0,1900,0,0,100,50,50,0,0,0,100,8,5,240.8156184,2,6,47.02992852,0,0,0,0,0,0,2,51.12443337,63.56221669,0,0,0,0,0,0,0,0,0,0,0,0,0,0,0,0,0,0,4,5,54.91905321,0,0,0,0,0,0
CUTI,BL12,กำแพงเพชร,MRT กำแพงเพชร,3579,28,7.88,4,12,3.87,4179,4305.5,4179,0,101,4078,3573,363,243,0,61,4118,0,2.4,97.6,85.5,8.7,5.8,0,1.5,98.5,9,14.61706118,267.3308778,12,10,213.9144381,0,0,0,0,0,0,1,485.0983663,485.0983663,2,91.32032195,288.2093441,0,0,0,0,0,0,3,119.9243859,267.976942,0,0,0,0,0,0,1,401.796348,401.796348,0,0,0,0,0,0
CUTI,BL24,คลองเตย,MRT คลองเตย,3064,28,7.98,4,18,3.62,1994,3054.6,1994,0,155,1839,1081,795,118,0,75,1919,0,7.8,92.2,54.2,39.9,5.9,0,3.8,96.2,2,76.95759655,112.7697549,6,10,178.4536648,0,0,0,0,0,0,0,0,0,0,0,0,0,0,0,0,0,0,3,13,92.58741671,1,33.52997008,33.52997008,1,27,27,2,27,30.26498504,1,17,17,0,0,0
CUTI,BL02,จรัญฯ13,MRT จรัญฯ13,2973,8,5.75,4,7.5,1.94,4862,2439.2,4796,0,2055,2807,0,3960,902,0,2022,2840,0,42.3,57.7,0,81.4,18.6,0,41.6,58.4,4,7.654517157,167.9920188,4,10,144.7661192,0,0,0,0,0,0,0,0,0,0,0,0,0,0,0,0,0,0,1,253.7903209,253.7903209,0,0,0,0,0,0,4,10.32702314,132.1402022,0,0,0,0,0,0
CUTI,PK10,ทะเลสาบเมืองทองธานี,MRT ทะเลสาบเมืองทองธานี,1281,22,8,6,12,1.38,1710,5645.9,1710,0,300,1110,1410,0,0,0,300,1110,0,17.5,64.9,82.5,0,0,0,17.5,64.9,0,0,0,0,0,0,0,0,0,0,0,0,0,0,0,0,0,0,0,0,0,0,0,0,2,21,23,0,0,0,0,0,0,3,9,11.73742995,0,0,0,0,0,0
CUTI,YL22,ทิพวัล,MRT ทิพวัล,1179,52,4.02,3,9,1.88,2900,4006.1,2900,0,2450,450,900,2000,0,900,2000,0,0,84.5,15.5,31,69,0,31,69,0,8,59,223.9969538,9,5,244.4777601,0,0,0,0,0,0,0,0,0,0,0,0,0,0,0,0,0,0,3,16,136.7064346,0,0,0,0,0,0,4,5,83.87282495,0,0,0,0,0,0
CUTI,YL08,บางกะปิ,MRT บางกะปิ,3820,45,5.43,3.5,12,1.49,2050,6218.3,2050,0,110,1940,1530,520,0,0,1060,990,0,5.4,94.6,74.6,25.4,0,0,51.7,48.3,12,10,228.5972983,9,3,275.6355761,2,200,264.8403636,0,0,0,1,200,200,0,0,0,0,0,0,2,289.6639812,309.9433344,0,0,0,0,0,0,1,5,5,3,5,80,0,0,0,0,0,0
CUTI,BL04,บางขุนนนท์,MRT บางขุนนนท์,4985,19,6.34,4,11,2.46,6482,3932.6,6240,0,3233,3249,2072,4410,0,0,3233,3249,0,49.9,50.1,32,68,0,0,49.9,50.1,6,13.35525765,243.5193666,5,10,130.3294148,0,0,0,0,0,0,0,0,0,0,0,0,0,0,0,0,0,0,1,170,170,0,0,0,0,0,0,5,10,25.07427833,0,0,0,0,0,0
CUTI,BL07,บางพลัด,MRT บางพลัด,2521,28,5.46,4,6.5,3.04,1905,2771.9,1905,0,0,1905,1260,645,0,0,0,1905,0,0,100,66.1,33.9,0,0,0,100,4,25,216.4962005,3,180,230,0,0,0,0,0,0,0,0,0,0,0,0,0,0,0,0,0,0,0,0,0,0,0,0,0,0,0,5,10,234.7400219,0,0,0,0,0,0
CUTI,BL05,บางยี่ขัน,MRT บางยี่ขัน,6399,27,5.46,4,7,3.67,2020,2492.3,2020,0,0,2020,1764,256,0,0,0,2020,0,0,100,87.3,12.7,0,0,0,100,6,17.73793357,206.4870487,7,15,169.6468699,0,0,0,0,0,0,0,0,0,0,0,0,0,0,0,0,0,0,0,0,0,0,0,0,0,0,0,6,30,202.1073596,0,0,0,0,0,0
CUTI,BL08,บางอ้อ,MRT บางอ้อ,4440,23,5.39,4,7.5,3.17,1895,2476.8,1895,0,0,1895,1535,360,0,0,0,1895,0,0,100,81,19,0,0,0,100,6,45,199.4627202,2,5,87.65388879,0,0,0,0,0,0,0,0,0,0,0,0,0,0,0,0,0,0,0,0,0,0,0,0,0,0,0,5,11.12271512,145.9217928,0,0,0,0,0,0
CUTI,BL37,บางแค,MRT บางแค,5160,14,5.89,4,10,3.27,2723,3366.5,2723,0,0,2723,0,2723,0,0,545,2178,0,0,100,0,100,0,0,20,80,4,56.87250348,190.249928,7,10,149.0247158,1,56.87250348,56.87250348,0,0,0,0,0,0,1,56.87250348,56.87250348,0,0,0,0,0,0,1,105.3778386,105.3778386,0,0,0,0,0,0,6,12.66381364,115.9152669,0,0,0,0,0,0
CUTI,BL33,บางไผ่,MRT บางไผ่,2886,11,6.14,4,10,3.07,2215,2482.5,2215,0,0,2215,0,1907,308,0,0,2215,0,0,100,0,86.1,13.9,0,0,100,5,10.80383703,248.5506558,4,7.541735052,239.8665613,0,0,0,0,0,0,1,180.2811765,180.2811765,0,0,0,0,0,0,0,0,0,1,180.2811765,180.2811765,0,0,0,0,0,0,5,12.16913519,122.0789433,0,0,0,0,0,0
CUTI,BL20,พระราม 9,MRT พระราม 9,26515,45,7.56,4,15,2.07,11757,8073.4,11757,0,6429,5328,1625,8308,1824,0,6461,5296,0,54.7,45.3,13.8,70.7,15.5,0,55,45,6,17.3240662,298.4401931,10,18.39296367,280.9299155,0,0,0,0,0,0,1,29.93541041,29.93541041,2,15.54099817,141.6191579,0,0,0,0,0,0,7,0.670518766,181.3628131,0,0,0,0,0,0,1,452.2356345,452.2356345,0,0,0,0,0,0
CUTI,YL02,ภาวนา,MRT ภาวนา,998,56,4.75,3.5,10.5,2,2000,4606.8,2000,0,0,2000,2000,0,0,0,0,2000,0,0,100,100,0,0,0,0,100,4,13.40558227,210.5413994,4,14.55864447,215.508466,0,0,0,1,399.3570651,399.3570651,0,0,0,0,0,0,0,0,0,0,0,0,1,35.83664539,35.83664539,0,0,0,0,0,0,4,3,23.99399656,0,0,0,0,0,0
CUTI,BL36,ภาษีเจริญ,MRT ภาษีเจริญ,8174,10,5.5,4,8,3.9,2529,3175.2,2529,0,0,2529,0,2529,0,0,0,2529,0,0,100,0,100,0,0,0,100,8,12.00413695,262.9806127,3,46.54099265,210.7685719,0,0,0,0,0,0,1,47.06273172,47.06273172,0,0,0,0,0,0,0,0,0,5,6.880025954,103.3115695,0,0,0,0,0,0,10,6.650893519,239.0840502,0,0,0,0,0,0
CUTI,YL06,มหาดไทย,MRT มหาดไทย,1624,71,4.32,3.5,10.5,1.8,3000,4763.7,3000,0,0,3000,3000,0,0,0,0,3000,0,0,100,100,0,0,0,0,100,4,5,119.9912683,9,14.96613145,281.2843943,0,0,0,2,167.3343494,197.3292892,1,36.55468435,36.55468435,0,0,0,0,0,0,0,0,0,1,36.55468435,36.55468435,0,0,0,0,0,0,5,5,127.0932875,0,0,0,0,0,0
CUTI,BL16,รัชดาภิเษก,MRT รัชดาภิเษก,5646,12,6.96,4.5,10,2.64,3914,3401.6,3914,0,2004,1910,469,3445,0,0,2243,1671,0,51.2,48.8,12,88,0,0,57.3,42.7,6,17.22048848,237.7675702,1,43.15480873,43.15480873,0,0,0,0,0,0,0,0,0,0,0,0,0,0,0,0,0,0,3,33.83854136,39.6742255,1,30.77090117,30.77090117,1,30.77090117,30.77090117,3,30.77090117,238.1752681,0,0,0,0,0,0
CUTI,YL07,ลาดพร้าว 101,MRT ลาดพร้าว 101,2267,72,4.56,3.5,9,2.01,4170,6952.9,4170,0,1000,3170,670,3500,0,0,1000,3170,0,24,76,16.1,83.9,0,0,24,76,8,12.98454934,183.5881314,9,24,255.0384287,2,73,99.36203264,2,73,99.36203264,0,0,0,0,0,0,0,0,0,0,0,0,1,37,37,0,0,0,0,0,0,7,2,43.54299218,0,0,0,0,0,0
CUTI,YL04,ลาดพร้าว 71,MRT ลาดพร้าว 71,1648,73,5.77,3.5,15,2.08,6790,8711.5,5990,500,550,5740,1400,2440,2950,0,1550,5240,7.4,8.1,84.5,20.6,35.9,43.4,0,22.8,77.2,10,5,214.2911322,5,29,245.187859,0,0,0,0,0,0,0,0,0,0,0,0,0,0,0,0,0,0,1,37,37,0,0,0,0,0,0,8,2,224.4788105,0,0,0,0,0,0
CUTI,YL05,ลาดพร้าว 83,MRT ลาดพร้าว 83,2059,56,4.28,3,9,2.7,2000,5077.8,2000,0,0,2000,0,2000,0,0,0,2000,0,0,100,0,100,0,0,0,100,8,66,189.8689282,10,32,192.7591307,0,0,0,0,0,0,0,0,0,0,0,0,0,0,0,0,0,0,2,250,321.8588685,0,0,0,0,0,0,12,8,165.3397465,0,0,0,0,0,0
CUTI,BL25,ลุมพินี,MRT ลุมพินี,16497,35,8.07,4,15,2.76,3597,4065.5,3370,0,100,3497,1254,1875,468,0,815,2782,0,2.8,97.2,34.9,52.1,13,0,22.7,77.3,8,9.594103158,291.3897422,8,23.62897419,311.2983118,0,0,0,0,0,0,0,0,0,0,0,0,0,0,0,0,0,0,3,21.03561414,63.3066051,0,0,0,0,0,0,2,289.3310947,330.4823524,0,0,0,0,0,0
CUTI,BL29,วัดมังกร,MRT วัดมังกร,11984,48,6.81,4,13.5,1.65,20059.6,9553.2,18533.5,0,1691.8,18367.8,0,16239,3820.6,331.9,10276.8,9450.9,0,8.4,91.6,0,81,19,1.7,51.2,47.1,13,165.4903335,332.6489333,7,17.63958128,205.795575,0,0,0,0,0,0,0,0,0,2,21.12977501,210.5648875,0,0,0,0,0,0,1,3,3,0,0,0,0,0,0,0,0,0,1,68.96654382,68.96654382,0,0,0
CUTI,YL10,ศรีกรีฑา,MRT ศรีกรีฑา,1297,42,4.57,3,12,1.81,3993,4103.6,3327,0,1110,2883,1896,1447,650,0,650,3343,0,27.8,72.2,47.5,36.2,16.3,0,16.3,83.7,5,190,249.9176038,8,5,150.1194966,0,0,0,0,0,0,0,0,0,0,0,0,0,0,0,0,0,0,0,0,0,0,0,0,0,0,0,3,3,32.53075488,0,0,0,0,0,0
CUTI,YL20,ศรีด่าน,MRT ศรีด่าน,1125,63,4.48,3,9,1.69,2822,5552.9,2822,0,2040,782,1650,1131,41,0,1590,1232,0,72.3,27.7,58.5,40.1,1.5,0,56.3,43.7,7,40,161.2705647,8,5,261.9686857,0,0,0,0,0,0,0,0,0,0,0,0,0,0,0,0,0,0,2,2,11,0,0,0,0,0,0,3,5,38.95170153,0,0,0,0,0,0
CUTI,YL14,ศรีนครินทร์ 38,MRT ศรีนครินทร์ 38,554,33,5.25,3,12,2.63,2020,5254.9,2020,0,0,2020,0,2020,0,0,0,2020,0,0,100,0,100,0,0,0,100,5,5,268.687092,2,4,7.5,0,0,0,0,0,0,0,0,0,0,0,0,0,0,0,0,0,0,0,0,0,0,0,0,0,0,0,4,3,128.2048435,0,0,0,0,0,0
CUTI,YL13,ศรีนุช,MRT ศรีนุช,1058,82,6.6,3,15,3.57,4204,11085.8,4014,0,520,3684,4014,190,0,0,1544,2660,0,12.4,87.6,95.5,4.5,0,0,36.7,63.3,8,0,302.7642964,6,140,369.9970122,0,0,0,0,0,0,0,0,0,0,0,0,0,0,0,0,0,0,0,0,0,0,0,0,0,0,0,1,0,0,0,0,0,0,0,0
CUTI,YL18,ศรีลาซาล,MRT ศรีลาซาล,1276,29,6.31,4,12,1.65,4022,5427.5,4022,0,1477,2545,1256,2586,180,200,927,2895,0,36.7,63.3,31.2,64.3,4.5,5,23,72,4,59.06538213,120.087489,4,5,46.09588638,0,0,0,0,0,0,0,0,0,0,0,0,0,0,0,0,0,0,6,5,38.74520552,0,0,0,0,0,0,4,5,43.34385017,0,0,0,0,0,0
CUTI,YL16,ศรีอุดม,MRT ศรีอุดม,1390,34,6.05,4,12,1.83,4270,8467.8,4030,0,190,4080,2250,1620,400,0,710,3560,0,4.4,95.6,52.7,37.9,9.4,0,16.6,83.4,10,3,246.7236688,9,3,282.324094,0,0,0,0,0,0,0,0,0,0,0,0,0,0,0,0,0,0,2,8,9,0,0,0,0,0,0,5,3,118.9223805,0,0,0,0,0,0
CUTI,YL21,ศรีเทพา,MRT ศรีเทพา,1238,41,5.85,3.5,12,2.1,2679,7683.6,2679,0,2613,66,1079,1600,0,0,2613,66,0,97.5,2.5,40.3,59.7,0,0,97.5,2.5,4,130,190.848984,13,5,246.1774143,0,0,0,0,0,0,0,0,0,0,0,0,0,0,0,0,0,0,2,10,11,0,0,0,0,0,0,4,5,56.05465387,0,0,0,0,0,0
CUTI,YL17,ศรีเอี่ยม,MRT ศรีเอี่ยม,1162,29,7.86,4,25.5,2.2,3010,7821,3010,0,1400,1270,1540,1130,0,0,1270,1400,0,46.5,42.2,51.2,37.5,0,0,42.2,46.5,6,170,337.9757716,5,5,224.744437,1,324.5029348,324.5029348,0,0,0,0,0,0,0,0,0,0,0,0,0,0,0,2,10,60,1,140,140,0,0,0,2,3,176.5,0,0,0,0,0,0
CUTI,YL19,ศรีแบริ่ง,MRT ศรีแบริ่ง,883,37,4.78,3,10.5,1.57,3380,4902.7,3380,2000,1380,0,2000,1380,0,690,2690,0,59.2,40.8,0,59.2,40.8,0,20.4,79.6,0,4,130,250.7991132,4,3,118.0288872,0,0,0,0,0,0,0,0,0,0,0,0,0,0,0,0,0,0,0,0,0,0,0,0,0,0,0,2,3,4,0,0,0,0,0,0
CUTI,BL23,ศูนย์ประชุมสิริกิติ์,MRT ศูนย์ประชุมสิริกิติ์,15479,43,7.4,4,13,2.35,7788,6002,7788,0,2699,5089,1084,5554,1150,158,2822,4808,0,34.7,65.3,13.9,71.3,14.8,2,36.2,61.7,9,13.3929448,269.271014,15,10.85256213,293.4935636,0,0,0,0,0,0,0,0,0,3,203.9769659,306.6838271,0,0,0,0,0,0,3,61.69155225,181.9509259,3,66.05039199,157.2296181,1,66.05039199,66.05039199,3,179.9622973,309.2083772,2,190.0203426,339.1249502,0,0,0
CUTI,BL19,ศูนย์วัฒนธรรม,MRT ศูนย์วัฒนธรรม,17216,15,6.7,4,10,2.59,3798,3535.9,3798,0,0,3798,0,985,2813,0,0,3798,0,0,100,0,25.9,74.1,0,0,100,5,9.52622617,94.39550361,5,11.03579454,133.8004296,0,0,0,0,0,0,0,0,0,0,0,0,0,0,0,0,0,0,3,18.83239716,24.02449997,2,40.61977325,58.34595989,1,76.07214653,76.07214653,1,90.23603817,90.23603817,0,0,0,0,0,0
CUTI,YL15,สวนหลวง ร.9,MRT สวนหลวง ร.9,2990,39,5.04,3,12,1.92,4786,6669.9,4600,393,1680,2713,2866,1920,0,813,1173,2800,8.2,35.1,56.7,59.9,40.1,0,17,24.5,58.5,8,17.94655714,248.6868371,11,67,230.0699195,0,0,0,0,0,0,7,120,275.1989607,0,0,0,0,0,0,0,0,0,0,0,0,0,0,0,0,0,0,8,140,229.1038015,0,0,0,0,0,0
CUTI,BL30,สามยอด,MRT สามยอด,8371,29,8.57,4,15,2.1,14832.5,7439.2,14606.3,0,2505.1,12327.4,0,10317.4,4515.1,682.1,3342.1,10808.3,0,16.9,83.1,0,69.6,30.4,4.6,22.5,72.9,14,17,324.243811,4,45,216.5848508,0,0,0,0,0,0,0,0,0,0,0,0,0,0,0,0,0,0,0,0,0,0,0,0,0,0,0,0,0,0,0,0,0,0,0,0
CUTI,BL27,สามย่าน,MRT สามย่าน,20030,96,9.08,2.5,18,2.71,12010,10007.3,11912,26,793,11191,2937,2958,6115,143,3966,7901,0.2,6.6,93.2,24.5,24.6,50.9,1.2,33,65.8,15,13.30424201,256.0068758,13,20,228.3290726,0,0,0,0,0,0,1,405.7026015,405.7026015,3,40,145.0346922,0,0,0,0,0,0,1,23.38793597,23.38793597,1,47.53298079,47.53298079,0,0,0,3,30,94.89133813,5,32,238.6805425,0,0,0
CUTI,BL06,สิรินธร,MRT สิรินธร,4476,40,6.41,4,11.5,2.54,3811,2958.9,2726,0,0,3811,2670,871,270,0,98,3713,0,0,100,70.1,22.9,7.1,0,2.6,97.4,7,101.0995402,279.9778921,8,20.97618986,197.9498405,0,0,0,0,0,0,0,0,0,0,0,0,0,0,0,0,0,0,0,0,0,0,0,0,0,0,0,1,13.45772728,13.45772728,0,0,0,0,0,0
CUTI,BL17,สุทธิสาร,MRT สุทธิสาร,13220,23,6.85,4,12.5,2.34,6828,3838.3,6828,0,2764,4064,1418,4701,709,0,2987,3841,0,40.5,59.5,20.8,68.8,10.4,0,43.7,56.3,4,48.162708,135.5992543,9,42.46787297,232.2161037,0,0,0,0,0,0,0,0,0,0,0,0,0,0,0,0,0,0,2,296.3358147,321.2751604,0,0,0,0,0,0,3,9.792151459,103.8874507,0,0,0,0,0,0
CUTI,BL38,หลักสอง,MRT หลักสอง,18347,22,7.18,4,13.5,2.74,2358,3593.5,2158,0,0,2358,420,1730,208,0,0,2358,0,0,100,17.8,73.4,8.8,0,0,100,6,20.86137019,196.0342127,4,8.388896991,148.0183019,1,33.5350276,33.5350276,0,0,0,5,7.661356586,74.61133541,0,0,0,0,0,0,0,0,0,0,0,0,2,133.3418897,155.3376544,0,0,0,3,11.18706852,127.8454972,0,0,0,0,0,0
CUTI,BL18,ห้วยขวาง,MRT ห้วยขวาง,19020,22,6.2,4,11.5,2.48,6343,3605.4,5919,0,2331,4012,158,5098,1087,334,2294,3715,0,36.7,63.3,2.5,80.4,17.1,5.3,36.2,58.6,11,15.78183332,257.7685162,13,17.33342803,227.9545042,0,0,0,0,0,0,0,0,0,1,57.62400543,57.62400543,0,0,0,0,0,0,0,0,0,1,42.07529835,42.07529835,1,43.91083378,43.91083378,1,30.32956195,30.32956195,0,0,0,0,0,0
CUTI,BL32,อิสรภาพ,MRT อิสรภาพ,6593,9,7.44,4,14,2.95,2980,1989.5,2980,0,0,2980,0,685,2295,0,37,2943,0,0,100,0,23,77,0,1.2,98.8,11,25,248.5657266,2,25,202.5,0,0,0,0,0,0,0,0,0,1,30.13145259,30.13145259,0,0,0,0,0,0,3,25,45.40614537,0,0,0,0,0,0,4,20,142.5341262,1,60,60,0,0,0
CUTI,BL35,เพชรเกษม48,MRT เพชรเกษม48,3347,8,5,4,7.5,6.3,1907,3279.9,1907,0,0,1907,0,1907,0,0,0,1907,0,0,100,0,100,0,0,0,100,6,66.86114499,209.4338469,2,9.174404949,80.1068624,0,0,0,0,0,0,0,0,0,0,0,0,0,0,0,0,0,0,0,0,0,0,0,0,0,0,0,6,5.995973931,116.8659737,0,0,0,0,0,0
CUTI,YL09,แยกลำสาลี,MRT แยกลำสาลี,2578,63,4.91,3.5,12,1.75,5090,5360.5,4530,0,2910,2180,4390,700,0,0,3210,1880,0,57.2,42.8,86.2,13.8,0,0,63.1,36.9,9,69,267.1592941,17,3,284.8586436,0,0,0,1,490.5959613,490.5959613,0,0,0,0,0,0,0,0,0,0,0,0,0,0,0,0,0,0,0,0,0,5,5,116.9385608,0,0,0,0,0,0
CUTI,YL03,โชคชัย 4,MRT โชคชัย 4,1577,56,4.64,4,12,2.02,3100,5886.6,3100,0,0,3100,550,0,2550,0,0,3100,0,0,100,17.7,0,82.3,0,0,100,9,6,204.8044518,9,6,208.6855465,0,0,0,2,82.69502741,244.5953286,0,0,0,0,0,0,0,0,0,0,0,0,6,140,241.2715841,0,0,0,0,0,0,7,5,143.5608666,0,0,0,0,0,0
CUTI,BL03,ไฟฉาย,MRT ไฟฉาย,3714,31,6.37,4,12,2.91,3792,4797.4,3792,461,0,3331,3121,508,163,461,0,3331,12.2,0,87.8,82.3,13.4,4.3,12.2,0,87.8,12,130,293.8730102,4,132.8699687,224.0544142,0,0,0,0,0,0,0,0,0,0,0,0,0,0,0,0,0,0,0,0,0,0,0,0,0,0,0,2,315,342.5,0,0,0,0,0,0
CUTI,RN07,การเคหะฯ,SRT การเคหะฯ,731.6818182,40,6.08,4,19,3.81,1565,4536.6,1565,0,0,1565,755,0,810,0,0,1565,0,0,100,48.2,0,51.8,0,0,100,2,7.080162249,29.91665396,6,12.78095985,279.8853727,0,0,0,0,0,0,0,0,0,0,0,0,0,0,0,0,0,0,4,12.17172708,36.93020365,3,29.14605084,36.24264277,1,41.75156835,41.75156835,2,29.18036803,33.85591047,0,0,0,0,0,0
CUTI,RN02,จตุจักร,SRT จตุจักร,563.7272727,27,6.15,4,9,3.48,6246,4999.5,6246,0,3025,3221,3025,2525,696,250,3490,2506,0,48.4,51.6,48.4,40.4,11.1,4,55.9,40.1,5,72.22137798,222.8638389,3,191.8153776,284.8711106,0,0,0,0,0,0,0,0,0,0,0,0,0,0,0,0,0,0,9,10,63.42729192,2,2.489484226,8.744742113,2,23,27.65492207,2,10.80637283,19.45433213,0,0,0,0,0,0
CUTI,RW06,ตลิ่งชัน,SRT ตลิ่งชัน,989.2727273,19,6.16,4,13.5,2.87,3460,2816.9,3186,0,490,2970,2663,797,0,0,490,2970,0,14.2,85.8,77,23,0,0,14.2,85.8,4,18.37948349,144.4691729,1,45.58337797,45.58337797,0,0,0,0,0,0,2,41.29438136,43.43887967,0,0,0,0,0,0,0,0,0,1,18.37948349,18.37948349,2,18.37948349,119.1897417,1,70,70,0,0,0,0,0,0,0,0,0
CUTI,RN05,ทุ่งสองห้อง,SRT ทุ่งสองห้อง,533.5454545,24,7.17,4,19,2.03,3544,3638.1,1698,0,527,3017,2872,0,672,0,527,3017,0,14.9,85.1,81,0,19,0,14.9,85.1,2,36.23432966,155.1467425,1,20.82353337,20.82353337,0,0,0,0,0,0,0,0,0,0,0,0,0,0,0,0,0,0,9,11.35181655,50.85445043,3,21.38368063,38.04136435,2,53.03961266,57.89409817,1,45.51471853,45.51471853,0,0,0,0,0,0
CUTI,RW05,บางบำหรุ,SRT บางบำหรุ,582.4545455,30,6.83,4,16.5,1.88,2921.4,5007.7,2921.4,0,383.3,2538.2,0,2921.4,0,0,383.3,2538.2,0,13.1,86.9,0,100,0,0,13.1,86.9,5,162.6003372,300.1485104,1,10,10,0,0,0,0,0,0,0,0,0,0,0,0,0,0,0,0,0,0,0,0,0,2,1,10.5,2,1,5.5,0,0,0,0,0,0,0,0,0
CUTI,RN04,บางเขน,SRT บางเขน,1666.545455,45,6.06,4,12,2.67,3814,5881.9,3778,0,0,3814,2910,216,688,0,130,3684,0,0,100,76.3,5.7,18,0,3.4,96.6,5,5.185935694,262.1972077,2,165.1116438,293.6148347,0,0,0,0,0,0,0,0,0,0,0,0,0,0,0,0,0,0,7,6.107540597,28.01553319,0,0,0,0,0,0,0,0,0,0,0,0,0,0,0
CUTI,RN10,รังสิต,SRT รังสิต,4266.636364,47,7.71,4,12,1.39,11917,11818.6,11917,7275,3519,1123,9517,2338,62,7275,3767,875,61,29.5,9.4,79.9,19.6,0.5,61,31.6,7.3,0,0,0,3,16.36167928,70.70602662,1,39.32178327,39.32178327,0,0,0,2,12.17209731,86.53934891,0,0,0,0,0,0,0,0,0,8,31.90779206,121.0748305,5,10,116.8342831,3,10,81.99853462,1,50.96584473,50.96584473,0,0,0,0,0,0
CUTI,RN03,วัดเสมียนนารี,SRT วัดเสมียนนารี,925.1363636,39,6.85,4,13,2,4675,6117.8,4143,650,242,3783,3761,228,686,650,242,3783,13.9,5.2,80.9,80.4,4.9,14.7,13.9,5.2,80.9,5,44.07483038,173.112748,4,109.827626,257.4501809,0,0,0,0,0,0,0,0,0,0,0,0,0,0,0,0,0,0,7,3.113030877,19.81724648,2,36.59798193,37.20288957,2,53.66079409,56.56809987,2,59.98280787,144.5855642,0,0,0,0,0,0
CUTI,RN09,หลักหก,SRT หลักหก,1791.090909,18,7.81,4,13,1.91,2668,3183.4,2668,0,133,2535,1498,672,498,0,672,1996,0,5,95,56.1,25.2,18.7,0,25.2,74.8,0,0,0,1,78.83546269,78.83546269,0,0,0,0,0,0,0,0,0,0,0,0,0,0,0,0,0,0,3,5,56.79363445,2,40.53204048,42.32598613,1,7.331562399,7.331562399,2,7.331562399,53.37912411,0,0,0,0,0,0
CUTI,MT01,อิมแพ็ค เมืองทองธานี,SRT อิมแพ็ค เมืองทองธานี,1565,33,5.88,4,10,1.53,3602,4937.7,2846,0,1460,2142,1880,1460,262,0,1460,2142,0,40.5,59.5,52.2,40.5,7.3,0,40.5,59.5,0,0,0,1,10,10,0,0,0,0,0,0,0,0,0,0,0,0,0,0,0,0,0,0,3,39.88111697,291.0781906,0,0,0,0,0,0,2,4.755301399,13.54330398,0,0,0,0,0,0
AEC,PP16,เตาปูน,MRT เตาปูน,7346,113,4.16,2,10,1.95,5103,7357.8,4853,0,365,4388,2553,1750,800,0,750,4353,0,7.2,86,50,34.3,15.7,0,14.7,85.3,9,83,234.9268897,14,6,252.0173159,0,0,0,0,0,0,0,0,0,8,21,168.9715122,0,0,0,0,0,0,1,40,40,0,0,0,0,0,0,4,4,61.05461514,0,0,0,0,0,0
AEC,RW01,กรุงเทพอภิวัฒน์,MRT บางซื่อ และ SRT กรงเทพอภิวัฒน์,9347.636364,19,6.67,3,12,1.57,2869,2264.3,2792,0,1787,1082,2334,258,277,0,2511,358,0,62.3,37.7,81.4,9,9.7,0,87.5,12.5,3,3,11.66666667,3,10,17.66666667,0,0,0,0,0,0,2,5,10,0,0,0,0,0,0,0,0,0,0,0,0,0,0,0,0,0,0,0,0,0,0,0,0,0,0,0
