source,line_code,line_id,เจ้าของโครงการ (รัฐ),ผู้เดินรถ / สัมปทาน (เอกชน),station_name,station,entry,bus_stop_count,win_count,songtaew_count,minibus_count,taxi_count,tuktuk_count,samlor_count,van_count,kiss_ride_count,park_ride_car_count,park_ride_moto_count,bike_parking_count,bike_share_count,scooter_share_count,bike_parking_min_dist,bike_parking_mean_dist,bike_share_min_dist,bike_share_mean_dist,bus_stop_min_dist,bus_stop_mean_dist,kiss_ride_min_dist,kiss_ride_mean_dist,minibus_min_dist,minibus_mean_dist,park_ride_car_min_dist,park_ride_car_mean_dist,park_ride_moto_min_dist,park_ride_moto_mean_dist,samlor_min_dist,samlor_mean_dist,scooter_share_min_dist,scooter_share_mean_dist,songtaew_min_dist,songtaew_mean_dist,taxi_min_dist,taxi_mean_dist,tuktuk_min_dist,tuktuk_mean_dist,van_min_dist,van_mean_dist,win_min_dist,win_mean_dist,n_segments,road_width_mean,road_width_min,road_width_max,sw_width_mean,sw_total_length,sidewalk_length,sidewalk_length_1,sidewalk_length_2,road_length_gt4m,road_length_gt4m_atleast1sw,sidewalk_length_surface_neg1,surface_pct_neg1,sidewalk_length_surface_0,surface_pct_0,sidewalk_length_surface_1,surface_pct_1,sidewalk_length_shade_neg1,shade_pct_neg1,sidewalk_length_shade_0,shade_pct_0,sidewalk_length_shade_1,shade_pct_1,sidewalk_length_obstacle_neg1,obs_pct_neg1,sidewalk_length_obstacle_0,obs_pct_0,sidewalk_length_obstacle_1,obs_pct_1,POP25,PRIM25,SEC25,TER25,STU25,TOUR25,COMAR25,n_zones_in_buffer,station_typology
A21,N10,BTS,กทม. (ผ่าน กรุงเทพธนาคม),BTSC (BTS Group),พหลโยธิน 24,N10 พหลโยธิน 24,5987.0,5,5,0,0,0,0,0,0,2,0,0,5,0,0,14.0,26.33333333333333,0.0,0.0,50.0,148.25,7.0,27.0,0.0,0.0,0.0,0.0,0.0,0.0,0.0,0.0,0,0,0.0,0.0,0.0,0.0,0.0,0.0,0.0,0.0,30.0,76.0,56,7.31,3.5,31.5,2.96,2860.0,1420.0,1420.0,1440.0,7593.4,1575.0,0.0,0.0,0.0,0.0,2860.0,100.0,1097.0,38.4,440.0,15.4,1323.0,46.3,0.0,0.0,95.0,3.3,2765.0,96.7,6525.375,0.0,154.625,7411.25,505.0,33.25,7196.25,8,Local Station
A21,N11,BTS,กทม. (ผ่าน กรุงเทพธนาคม),BTSC (BTS Group),รัชโยธิน,N11 รัชโยธิน,12159.0,4,8,0,0,0,0,0,0,2,0,0,7,0,0,4.0,16.0,0.0,0.0,8.0,39.0,12.0,12.0,0.0,0.0,0.0,0.0,0.0,0.0,0.0,0.0,0,0,0.0,0.0,0.0,0.0,0.0,0.0,0.0,0.0,25.0,82.5,66,7.12,3.4,31.5,2.83,3443.0,1940.0,1486.0,1957.0,9636.7,2159.3,38.0,1.1,0.0,0.0,3405.0,98.9,1693.0,49.2,539.0,15.7,1211.0,35.2,38.0,1.1,178.0,5.2,3227.0,93.7,7765.0,0.0,204.6,6606.4,673.0,53.2,7800.0,5,Local Station
A21,N12,BTS,กทม. (ผ่าน กรุงเทพธนาคม),BTSC (BTS Group),เสนานิคม,N12 เสนานิคม,11789.0,6,5,0,1,0,0,0,0,1,0,0,7,0,0,5.0,16.0,0.0,0.0,87.0,136.25,83.0,83.0,180.0,180.0,0.0,0.0,0.0,0.0,0.0,0.0,0,0,0.0,0.0,0.0,0.0,0.0,0.0,0.0,0.0,35.0,150.66666666666666,64,7.32,3.4,24.5,2.42,4170.0,2180.0,2142.0,2028.0,7662.8,2482.8,38.0,0.9,718.0,17.2,3083.0,73.9,1718.0,41.2,1543.0,37.0,909.0,21.8,668.0,16.0,1492.0,35.8,2010.0,48.2,8634.666666666666,0.0,337.5,4178.333333333333,1746.8333333333333,98.66666666666669,6500.0,6,Local Station
A21,N13,BTS,กทม. (ผ่าน กรุงเทพธนาคม),BTSC (BTS Group),มหาวิทยาลัยเกษตรศาสตร์,N13 มหาวิทยาลัยเกษตรศาสตร์,14375.0,10,8,0,0,0,0,0,0,1,0,0,8,0,0,10.0,19.0,0.0,0.0,15.0,60.75,15.0,15.0,0.0,0.0,0.0,0.0,0.0,0.0,0.0,0.0,0,0,0.0,0.0,0.0,0.0,0.0,0.0,0.0,0.0,12.0,117.33333333333331,33,9.15,2.8,28.0,2.61,3818.0,1936.0,1936.0,1882.0,4282.4,2100.4,0.0,0.0,760.0,19.9,3058.0,80.1,1713.0,44.9,1508.0,39.5,597.0,15.6,0.0,0.0,1338.0,35.0,2480.0,65.0,7773.75,0.0,290.0,4125.0,2060.25,111.5,0.0,4,Local Station
A21,N14,BTS,กทม. (ผ่าน กรุงเทพธนาคม),BTSC (BTS Group),กรมป่าไม้,N14 กรมป่าไม้,5434.0,5,8,0,0,0,0,0,0,2,0,0,7,0,1,8.0,24.25,0.0,0.0,75.0,175.75,12.0,20.0,0.0,0.0,0.0,0.0,0.0,0.0,0.0,0.0,0,0,0.0,0.0,0.0,0.0,0.0,0.0,0.0,0.0,55.0,180.66666666666663,46,5.78,1.9,21.0,3.07,2490.0,1381.0,1381.0,1109.0,6184.4,1668.9,0.0,0.0,435.0,17.5,2055.0,82.5,502.0,20.2,1081.0,43.4,907.0,36.4,218.0,8.8,502.0,20.2,1770.0,71.1,7008.6,0.0,166.2,4182.0,5361.2,102.8,0.0,5,Local Station
A21,N15,BTS,กทม. (ผ่าน กรุงเทพธนาคม),BTSC (BTS Group),บางบัว,N15 บางบัว,8717.0,5,4,0,0,0,0,0,0,4,0,0,7,0,0,4.0,28.0,0.0,0.0,37.0,79.0,14.0,42.0,0.0,0.0,0.0,0.0,0.0,0.0,0.0,0.0,0,0,0.0,0.0,0.0,0.0,0.0,0.0,0.0,0.0,40.0,97.5,52,6.14,1.6,21.0,2.58,4205.0,2137.0,2033.0,2172.0,5435.4,2370.5,0.0,0.0,487.0,11.6,3718.0,88.4,2390.0,56.8,1737.0,41.3,78.0,1.9,247.0,5.9,776.0,18.5,3182.0,75.7,8041.166666666667,0.0,477.3333333333333,4108.166666666667,4493.166666666667,17.0,0.0,6,Local Station
A21,N16,BTS,กทม. (ผ่าน กรุงเทพธนาคม),BTSC (BTS Group),กรมทหารราบที่ 11,N16 กรมทหารราบที่ 11,5297.0,6,3,0,0,0,0,0,0,2,0,0,8,0,0,8.0,74.5,0.0,0.0,55.0,134.75,38.0,64.0,0.0,0.0,0.0,0.0,0.0,0.0,0.0,0.0,0,0,0.0,0.0,0.0,0.0,0.0,0.0,0.0,0.0,30.0,142.5,43,5.54,3.7,21.0,3.13,2009.0,1053.0,1053.0,956.0,4416.4,1263.4,0.0,0.0,483.0,24.0,1526.0,76.0,105.0,5.2,483.0,24.0,1421.0,70.7,131.0,6.5,352.0,17.5,1526.0,76.0,10321.25,0.0,74.25,5804.75,3516.75,0.0,0.0,4,Local Station
A21,N18,BTS,กทม. (ผ่าน กรุงเทพธนาคม),BTSC (BTS Group),พหลโยธิน 59,N18 พหลโยธิน 59,3991.0,6,6,0,0,0,0,0,0,2,0,0,15,0,0,8.0,17.0,0.0,0.0,30.0,158.75,20.0,151.5,0.0,0.0,0.0,0.0,0.0,0.0,0.0,0.0,0,0,0.0,0.0,0.0,0.0,0.0,0.0,0.0,0.0,35.0,209.33333333333337,36,6.7,3.8,28.0,3.9,1684.0,832.0,832.0,852.0,5766.5,1011.8,0.0,0.0,0.0,0.0,1684.0,100.0,93.0,5.5,88.0,5.2,1503.0,89.3,0.0,0.0,0.0,0.0,1684.0,100.0,10643.25,0.0,134.25,5302.75,2662.5,32.5,30647.0,4,Local Station
A21,N19,BTS,กทม. (ผ่าน กรุงเทพธนาคม),BTSC (BTS Group),สายหยุด,N19 สายหยุด,8104.0,9,8,0,0,0,0,0,0,2,0,0,12,0,0,8.0,11.25,0.0,0.0,45.0,86.5,75.0,82.5,0.0,0.0,0.0,0.0,0.0,0.0,0.0,0.0,0,0,0.0,0.0,0.0,0.0,0.0,0.0,0.0,0.0,25.0,79.66666666666667,88,6.46,2.5,21.0,3.39,3294.0,1621.0,1621.0,1673.0,11662.9,1710.5,0.0,0.0,0.0,0.0,3294.0,100.0,2661.0,80.8,633.0,19.2,0.0,0.0,0.0,0.0,643.0,19.5,2651.0,80.5,15646.25,1.0,177.25,4619.25,414.0,32.5,13147.0,4,Local Station
A21,N20,BTS,กทม. (ผ่าน กรุงเทพธนาคม),BTSC (BTS Group),สะพานใหม่,N20 สะพานใหม่,10180.0,4,6,0,0,0,0,0,0,2,0,0,7,0,0,8.0,11.5,0.0,0.0,42.0,177.66666666666666,22.0,47.5,0.0,0.0,0.0,0.0,0.0,0.0,0.0,0.0,0,0,0.0,0.0,0.0,0.0,0.0,0.0,0.0,0.0,30.0,101.66666666666669,58,6.24,1.6,21.0,2.92,1864.0,924.0,924.0,940.0,6656.6,1132.8,0.0,0.0,0.0,0.0,1864.0,100.0,108.0,5.8,1598.0,85.7,158.0,8.5,0.0,0.0,1493.0,80.1,371.0,19.9,13487.75,0.0,314.5,5168.5,3015.0,0.0,4000.0,4,Local Station
A21,N21,BTS,กทม. (ผ่าน กรุงเทพธนาคม),BTSC (BTS Group),โรงพยาบาลภูมิพลอดุลยเดช,N21 โรงพยาบาลภูมิพลอดุลยเดช,2631.0,4,0,0,0,0,0,0,0,2,0,0,4,1,0,12.0,12.666666666666666,14.0,14.0,82.0,133.0,36.0,42.0,0.0,0.0,0.0,0.0,0.0,0.0,0.0,0.0,0,0,0.0,0.0,0.0,0.0,0.0,0.0,0.0,0.0,0.0,0.0,3,21.0,21.0,21.0,4.65,1865.0,985.0,985.0,880.0,997.9,997.9,0.0,0.0,0.0,0.0,1865.0,100.0,0.0,0.0,0.0,0.0,1865.0,100.0,0.0,0.0,0.0,0.0,1865.0,100.0,6100.25,0.0,4.25,5833.5,1986.25,0.0,0.0,4,Local Station
A21,N22,BTS,กทม. (ผ่าน กรุงเทพธนาคม),BTSC (BTS Group),พิพิธภัณฑ์กองทัพอากาศ,N22 พิพิธภัณฑ์กองทัพอากาศ,2976.0,5,0,0,0,0,0,0,0,2,0,0,4,0,0,18.0,21.25,0.0,0.0,126.0,161.5,14.0,15.0,0.0,0.0,0.0,0.0,0.0,0.0,0.0,0.0,0,0,0.0,0.0,0.0,0.0,0.0,0.0,0.0,0.0,0.0,0.0,4,21.0,21.0,21.0,5.19,1920.0,972.0,972.0,948.0,1016.9,1016.9,0.0,0.0,0.0,0.0,1920.0,100.0,0.0,0.0,150.0,7.8,1770.0,92.2,0.0,0.0,0.0,0.0,1920.0,100.0,7399.666666666667,0.0,2.0,4713.333333333333,1386.0,0.0,0.0,3,Local Station
A21,N23,BTS,กทม. (ผ่าน กรุงเทพธนาคม),BTSC (BTS Group),แยก คปอ.,N23 แยก คปอ.,11503.0,5,3,0,0,1,0,0,0,1,1,2,7,0,0,12.0,18.75,0.0,0.0,18.0,167.0,15.0,15.0,0.0,0.0,120.0,120.0,52.0,93.5,0.0,0.0,0,0,0.0,0.0,33.0,33.0,0.0,0.0,0.0,0.0,30.0,116.66666666666669,10,19.23,7.2,35.0,4.64,3306.0,1626.0,1626.0,1680.0,2304.9,1777.7,434.0,13.1,409.0,12.4,2463.0,74.5,1454.0,44.0,0.0,0.0,1852.0,56.0,434.0,13.1,409.0,12.4,2463.0,74.5,7470.6,0.0,1413.4,6663.8,183.8,0.0,0.0,5,Local Station
A21,N24,BTS,กทม. (ผ่าน กรุงเทพธนาคม),BTSC (BTS Group),คูคต,N24 คูคต,16201.0,4,2,0,0,2,0,0,0,1,1,2,6,0,0,8.0,24.5,0.0,0.0,30.0,284.0,42.0,42.0,0.0,0.0,30.0,30.0,60.0,81.0,0.0,0.0,0,0,0.0,0.0,6.0,13.0,0.0,0.0,0.0,0.0,8.0,21.0,14,10.24,3.0,21.0,3.13,2628.0,1333.0,1333.0,1295.0,7297.9,1426.6,0.0,0.0,686.0,26.1,1942.0,73.9,822.0,31.3,843.0,32.1,963.0,36.6,0.0,0.0,686.0,26.1,1942.0,73.9,20065.666666666668,3.6666666666666665,319.6666666666667,7132.0,3075.0,34.0,0.0,3,Local Station
A21,PK02,PK,รฟม.,BTS Group (NBM),แคราย,PK02 แคราย,571.0,6,6,0,0,0,0,0,0,8,0,0,10,0,0,2.0,11.333333333333334,0.0,0.0,37.0,66.5,9.0,14.0,0.0,0.0,0.0,0.0,0.0,0.0,0.0,0.0,0,0,0.0,0.0,0.0,0.0,0.0,0.0,0.0,0.0,46.0,65.5,48,8.64,2.6,31.5,3.9,2704.0,1361.0,1361.0,1343.0,6017.4,1966.5,0.0,0.0,792.0,29.3,1782.0,65.9,871.0,32.2,1158.0,42.8,675.0,25.0,0.0,0.0,333.0,12.3,2371.0,87.7,5950.2,0.0,129.6,8145.4,653.8,40.4,20000.0,5,Local Station
A21,PK03,PK,รฟม.,BTS Group (NBM),สนามบินน้ำ,PK03 สนามบินน้ำ,639.0,5,3,0,0,0,0,0,0,2,0,0,5,0,0,4.0,7.666666666666667,0.0,0.0,100.0,179.5,2.5,22.75,0.0,0.0,0.0,0.0,0.0,0.0,0.0,0.0,0,0,0.0,0.0,0.0,0.0,0.0,0.0,0.0,0.0,52.0,52.0,55,6.93,4.2,27.0,3.57,1757.0,929.0,929.0,828.0,7818.8,1340.9,229.0,13.0,464.0,26.4,519.0,29.5,651.0,37.1,963.0,54.8,143.0,8.1,229.0,13.0,950.0,54.1,578.0,32.9,8703.75,0.0,645.75,9049.25,443.0,0.0,0.0,4,Local Station
A21,PK04,PK,รฟม.,BTS Group (NBM),สามัคคี,PK04 สามัคคี,467.0,5,4,0,0,0,0,0,0,2,0,0,3,0,0,8.0,10.5,0.0,0.0,128.0,234.0,3.0,25.5,0.0,0.0,0.0,0.0,0.0,0.0,0.0,0.0,0,0,0.0,0.0,0.0,0.0,0.0,0.0,0.0,0.0,77.0,158.5,59,6.15,1.5,21.0,2.57,2229.0,1133.0,1133.0,1096.0,7502.1,1365.1,0.0,0.0,722.0,32.4,759.0,34.1,310.0,13.9,1470.0,65.9,449.0,20.1,0.0,0.0,1171.0,52.5,1058.0,47.5,7586.0,0.0,299.4,11530.8,2555.4,19.4,5336.0,5,Local Station
A21,PK05,PK,รฟม.,BTS Group (NBM),กรมชลประทาน,PK05 กรมชลประทาน,1085.0,5,1,0,0,0,0,0,0,2,0,0,5,0,0,3.0,6.5,0.0,0.0,48.0,50.5,38.0,40.5,0.0,0.0,0.0,0.0,0.0,0.0,0.0,0.0,0,0,0.0,0.0,0.0,0.0,0.0,0.0,0.0,0.0,15.0,15.0,18,9.0,3.6,21.0,3.11,2954.0,1481.0,1481.0,1473.0,3054.0,1612.9,0.0,0.0,415.0,14.0,1244.0,42.1,807.0,27.3,1277.0,43.2,870.0,29.5,0.0,0.0,1476.0,50.0,1478.0,50.0,5531.6,0.0,303.2,9450.6,3109.6,21.6,5336.0,5,Local Station
A21,PK06,PK,รฟม.,BTS Group (NBM),แยกปากเกร็ด,PK06 แยกปากเกร็ด,734.0,8,3,0,0,0,0,0,0,2,0,0,7,0,0,7.0,7.5,0.0,0.0,250.0,290.0,16.0,24.5,0.0,0.0,0.0,0.0,0.0,0.0,0.0,0.0,0,0,0.0,0.0,0.0,0.0,0.0,0.0,0.0,0.0,30.0,30.0,65,7.8,3.2,28.0,2.14,6637.0,3530.0,3298.0,3339.0,8354.3,4316.9,781.0,11.8,2238.0,33.7,3565.0,53.7,4483.0,67.5,1806.0,27.2,348.0,5.2,2000.0,30.1,2350.0,35.4,2287.0,34.5,6613.2,0.4,881.0,6929.4,1289.8,46.0,5336.0,5,Local Station
A21,PK07,PK,รฟม.,BTS Group (NBM),เลี่ยงเมืองปากเกร็ด,PK07 เลี่ยงเมืองปากเกร็ด,1903.0,5,3,0,0,1,0,0,0,2,0,0,7,0,0,1.2,11.4,0.0,0.0,11.0,26.5,12.0,26.0,0.0,0.0,0.0,0.0,0.0,0.0,0.0,0.0,0,0,0.0,0.0,3.0,3.0,0.0,0.0,0.0,0.0,40.0,43.5,39,7.99,3.0,28.0,2.75,3725.0,1932.0,1770.0,1955.0,5797.6,2203.2,345.0,9.3,2552.0,68.5,828.0,22.2,1467.0,39.4,2258.0,60.6,0.0,0.0,162.0,4.3,1772.0,47.6,1791.0,48.1,8672.666666666666,3.0,2044.6666666666667,8375.166666666666,529.6666666666666,88.66666666666667,4446.666666666667,6,Local Station
A21,PK08,PK,รฟม.,BTS Group (NBM),แจ้งวัฒนะ-ปากเกร็ด 28,PK08 แจ้งวัฒนะ-ปากเกร็ด 28,4181.0,5,4,0,0,1,0,0,0,2,0,0,3,0,0,3.0,19.666666666666668,0.0,0.0,48.0,154.66666666666666,15.0,24.5,0.0,0.0,0.0,0.0,0.0,0.0,0.0,0.0,0,0,0.0,0.0,92.0,92.0,0.0,0.0,0.0,0.0,50.0,67.5,37,6.96,3.1,28.0,2.85,1932.0,978.0,978.0,954.0,6599.2,1141.4,606.0,31.4,1075.0,55.6,251.0,13.0,1429.0,74.0,503.0,26.0,0.0,0.0,0.0,0.0,1413.0,73.1,519.0,26.9,4720.25,0.0,1833.75,7782.75,4485.75,134.25,77500.0,4,Local Station
A21,PK09,PK,รฟม.,BTS Group (NBM),ศรีรัช,PK09 ศรีรัช,1083.0,5,3,0,0,0,0,0,0,1,0,0,3,0,0,27.0,38.5,0.0,0.0,75.0,82.5,24.0,24.0,0.0,0.0,0.0,0.0,0.0,0.0,0.0,0.0,0,0,0.0,0.0,0.0,0.0,0.0,0.0,0.0,0.0,24.0,24.0,57,7.56,2.8,28.0,3.57,3835.0,2176.0,1909.0,1926.0,8156.6,2407.9,299.0,7.8,1796.0,46.8,1740.0,45.4,2004.0,52.3,936.0,24.4,895.0,23.3,28.0,0.7,2617.0,68.2,1190.0,31.0,4689.2,0.0,1337.6,8715.4,3597.2,153.4,3174.6,5,Local Station
A21,PK11,PK,รฟม.,BTS Group (NBM),แจ้งวัฒนะ 14,PK11 แจ้งวัฒนะ 14,2534.0,4,7,0,0,0,0,0,0,3,0,0,3,0,0,8.0,15.666666666666666,0.0,0.0,18.0,31.5,5.0,6.0,0.0,0.0,0.0,0.0,0.0,0.0,0.0,0.0,0,0,0.0,0.0,0.0,0.0,0.0,0.0,0.0,0.0,40.0,40.0,53,7.17,2.5,28.0,2.36,2396.0,1422.0,1176.0,1220.0,7691.2,2043.5,228.0,9.5,332.0,13.9,1377.0,57.5,1151.0,48.0,1090.0,45.5,155.0,6.5,383.0,16.0,1603.0,66.9,410.0,17.1,5331.0,0.0,309.75,13885.5,256.5,184.0,20475.75,4,Local Station
A21,PK12,PK,รฟม.,BTS Group (NBM),ศูนย์ราชการเฉลิมพระเกียรติ,PK12 ศูนย์ราชการเฉลิมพระเกียรติ,3624.0,8,2,0,0,0,0,0,0,2,0,0,3,0,0,1.0,13.666666666666666,0.0,0.0,2.4,87.1,0.5,7.75,0.0,0.0,0.0,0.0,0.0,0.0,0.0,0.0,0,0,0.0,0.0,0.0,0.0,0.0,0.0,0.0,0.0,40.0,145.0,11,15.24,5.1,31.5,2.75,3486.0,2178.0,1798.0,1688.0,2600.4,2335.6,0.0,0.0,0.0,0.0,2524.0,72.4,1249.0,35.8,1517.0,43.5,720.0,20.7,0.0,0.0,1824.0,52.3,1662.0,47.7,5331.0,0.0,309.75,13885.5,256.5,184.0,20475.75,4,Local Station
A21,PK13,PK,รฟม.,BTS Group (NBM),โทรคมนาคมแห่งชาติ,PK13 โทรคมนาคมแห่งชาติ,1759.0,4,4,0,0,0,0,0,0,2,0,0,5,0,0,8.0,18.666666666666668,0.0,0.0,32.0,101.5,1.5,28.25,0.0,0.0,0.0,0.0,0.0,0.0,0.0,0.0,0,0,0.0,0.0,0.0,0.0,0.0,0.0,0.0,0.0,96.0,155.5,20,12.51,4.9,32.5,2.75,3702.0,2041.0,1614.0,2088.0,3569.2,2504.0,507.0,13.7,802.0,21.7,1645.0,44.4,1894.0,51.2,1201.0,32.4,607.0,16.4,453.0,12.2,1993.0,53.8,1256.0,33.9,5561.75,0.0,115.5,15055.75,23.5,101.75,0.0,4,Local Station
A21,PK15,PK,รฟม.,BTS Group (NBM),ราชภัฎพระนคร,PK15 ราชภัฎพระนคร,1688.0,5,4,0,0,0,0,0,0,2,0,0,2,0,0,1.0,4.5,0.0,0.0,63.0,104.0,20.0,22.5,0.0,0.0,0.0,0.0,0.0,0.0,0.0,0.0,0,0,0.0,0.0,0.0,0.0,0.0,0.0,0.0,0.0,10.0,10.0,57,7.01,1.8,28.0,2.92,2048.0,991.0,964.0,1084.0,6191.0,1193.4,0.0,0.0,678.0,33.1,1370.0,66.9,1327.0,64.8,603.0,29.4,118.0,5.8,0.0,0.0,1645.0,80.3,403.0,19.7,7680.666666666667,0.0,2043.0,4589.333333333333,3542.0,91.0,6098.0,6,Local Station
A21,PK17,PK,รฟม.,BTS Group (NBM),รามอินทรา 3,PK17 รามอินทรา 3,1534.0,7,2,0,0,1,0,0,0,3,0,0,7,0,0,2.5,12.875,0.0,0.0,90.0,152.5,5.0,15.666666666666666,0.0,0.0,0.0,0.0,0.0,0.0,0.0,0.0,0,0,0.0,0.0,85.0,85.0,0.0,0.0,0.0,0.0,156.0,163.0,31,10.61,4.4,28.0,2.44,2532.0,1266.0,1099.0,1433.0,4261.6,1514.5,322.0,12.7,706.0,27.9,1504.0,59.4,1221.0,48.2,969.0,38.3,342.0,13.5,322.0,12.7,866.0,34.2,1344.0,53.1,6686.0,0.0,85.0,3564.25,2475.0,0.0,21500.0,4,Local Station
A21,PK18,PK,รฟม.,BTS Group (NBM),ลาดปลาเค้า,PK18 ลาดปลาเค้า,1435.0,4,5,2,0,0,0,0,0,2,0,0,6,0,0,5.0,18.75,0.0,0.0,15.0,90.0,5.0,27.5,0.0,0.0,0.0,0.0,0.0,0.0,0.0,0.0,0,0,250.0,250.0,0.0,0.0,0.0,0.0,0.0,0.0,45.0,47.5,50,8.1,4.0,24.0,2.17,3298.0,1529.0,1529.0,1769.0,7391.4,1695.0,500.0,15.2,974.0,29.5,1824.0,55.3,1480.0,44.9,1818.0,55.1,0.0,0.0,844.0,25.6,920.0,27.9,1534.0,46.5,12773.5,0.0,456.5,1551.75,1062.0,8.75,7250.0,4,Local Station
A21,PK19,PK,รฟม.,BTS Group (NBM),รามอินทรา กม.4,PK19 รามอินทรา กม.4,1212.0,4,4,0,0,0,0,0,0,2,0,0,9,0,0,3.0,13.5,0.0,0.0,6.0,194.25,5.0,31.0,0.0,0.0,0.0,0.0,0.0,0.0,0.0,0.0,0,0,0.0,0.0,0.0,0.0,0.0,0.0,0.0,0.0,65.0,207.33333333333337,85,5.94,3.1,28.0,3.3,1483.0,774.0,774.0,709.0,10199.1,976.0,0.0,0.0,931.0,62.8,552.0,37.2,931.0,62.8,552.0,37.2,0.0,0.0,0.0,0.0,1483.0,100.0,0.0,0.0,14915.25,0.0,341.0,1159.75,1377.75,0.0,7250.0,4,Local Station
A21,PK20,PK,รฟม.,BTS Group (NBM),มัยลาภ,PK20 มัยลาภ,964.0,5,2,0,0,0,0,0,0,3,0,0,9,0,0,8.0,21.75,0.0,0.0,45.0,177.25,3.5,24.75,0.0,0.0,0.0,0.0,0.0,0.0,0.0,0.0,0,0,0.0,0.0,0.0,0.0,0.0,0.0,0.0,0.0,63.0,186.0,57,6.95,4.0,28.0,3.03,1550.0,811.0,811.0,739.0,9349.4,1077.9,8.0,0.5,407.0,26.3,1135.0,73.2,1220.0,78.7,330.0,21.3,0.0,0.0,0.0,0.0,777.0,50.1,773.0,49.9,17539.333333333332,0.0,214.66666666666663,913.6666666666666,667.6666666666666,0.0,0.0,3,Local Station
A21,PK21,PK,รฟม.,BTS Group (NBM),วัชรพล,PK21 วัชรพล,959.0,3,1,0,0,0,0,0,0,2,0,0,6,0,0,2.0,14.5,0.0,0.0,57.0,60.5,35.0,36.5,0.0,0.0,0.0,0.0,0.0,0.0,0.0,0.0,0,0,0.0,0.0,0.0,0.0,0.0,0.0,0.0,0.0,45.0,45.0,44,8.46,2.8,31.5,4.29,4294.0,2120.0,2120.0,2174.0,8089.8,2374.1,0.0,0.0,1427.0,33.2,2665.0,62.1,2280.0,53.1,1719.0,40.0,295.0,6.9,0.0,0.0,1778.0,41.4,2516.0,58.6,11228.75,0.25,362.5,1361.75,986.0,0.0,0.0,4,Local Station
A21,PK22,PK,รฟม.,BTS Group (NBM),รามอินทรา กม.6,PK22 รามอินทรา กม.6,1418.0,9,5,0,0,0,0,0,1,4,0,0,11,0,0,1.0,9.25,0.0,0.0,47.0,218.75,16.0,67.66666666666667,0.0,0.0,0.0,0.0,0.0,0.0,0.0,0.0,0,0,0.0,0.0,0.0,0.0,0.0,0.0,8.0,8.0,20.0,186.75,73,7.27,4.0,28.0,2.69,2409.0,1384.0,1147.0,1262.0,10817.2,1736.6,112.0,4.6,1085.0,45.0,1212.0,50.3,1381.0,57.3,1028.0,42.7,0.0,0.0,112.0,4.6,2297.0,95.4,0.0,0.0,10459.4,0.6,310.8,1226.8,787.0,0.0,0.0,5,Local Station
A21,PK23,PK,รฟม.,BTS Group (NBM),คู้บอน,PK23 คู้บอน,1453.0,7,6,1,0,0,0,0,3,3,0,0,10,0,0,3.0,50.5,0.0,0.0,50.0,106.66666666666669,6.5,38.25,0.0,0.0,0.0,0.0,0.0,0.0,0.0,0.0,0,0,0.0,0.0,0.0,0.0,0.0,0.0,40.0,40.0,80.0,80.0,48,7.06,4.0,30.0,2.73,2429.0,1284.0,1284.0,1145.0,6762.8,1607.4,0.0,0.0,1042.0,42.9,1387.0,57.1,1422.0,58.5,1007.0,41.5,0.0,0.0,0.0,0.0,1954.0,80.4,475.0,19.6,8771.5,0.5,505.25,1533.75,382.25,47.5,0.0,4,Local Station
A21,PK24,PK,รฟม.,BTS Group (NBM),รามอินทรา กม.9,PK24 รามอินทรา กม.9,2015.0,6,1,0,0,0,0,0,0,4,0,0,9,0,0,4.0,10.75,0.0,0.0,45.0,178.0,2.5,4.5,0.0,0.0,0.0,0.0,0.0,0.0,0.0,0.0,0,0,0.0,0.0,0.0,0.0,0.0,0.0,0.0,0.0,25.0,25.0,50,7.58,3.5,35.0,3.03,1537.0,763.0,722.0,815.0,9311.6,1056.3,0.0,0.0,530.0,34.5,1007.0,65.5,1346.0,87.6,150.0,9.8,41.0,2.7,41.0,2.7,1496.0,97.3,0.0,0.0,8746.0,2.0,1081.6666666666667,1612.6666666666667,364.3333333333333,80.66666666666667,0.0,3,Local Station
A21,PK25,PK,รฟม.,BTS Group (NBM),วงแหวนรามอินทรา,PK25 วงแหวนรามอินทรา,3113.0,5,2,1,0,1,0,0,0,2,0,0,3,0,0,14.0,36.333333333333336,0.0,0.0,1.0,207.5,8.0,20.5,0.0,0.0,0.0,0.0,0.0,0.0,0.0,0.0,0,0,0.0,0.0,0.0,0.0,0.0,0.0,0.0,0.0,5.0,5.0,17,11.65,4.0,38.5,2.95,2430.0,1518.0,856.0,1574.0,3578.5,1646.0,0.0,0.0,662.0,27.2,1768.0,72.8,1295.0,53.3,775.0,31.9,360.0,14.8,0.0,0.0,1699.0,69.9,731.0,30.1,6248.333333333333,2.0,593.8333333333334,3781.6666666666665,105.0,76.0,78183.33333333333,6,Local Station
A21,PK26,PK,รฟม.,BTS Group (NBM),นพรัตน์,PK26 นพรัตน์,761.0,6,3,0,0,0,0,0,0,3,0,0,5,0,0,7.0,8.625,0.0,0.0,45.0,154.75,1.5,2.75,0.0,0.0,0.0,0.0,0.0,0.0,0.0,0.0,0,0,0.0,0.0,0.0,0.0,0.0,0.0,0.0,0.0,100.0,100.0,59,7.84,3.2,28.0,2.87,2688.0,1363.0,1363.0,1325.0,7703.9,1498.1,0.0,0.0,917.0,34.1,1771.0,65.9,689.0,25.6,1551.0,57.7,448.0,16.7,0.0,0.0,2688.0,100.0,0.0,0.0,6108.6,1.2,298.2,2329.4,475.0,61.2,1919.6,5,Local Station
A21,PK27,PK,รฟม.,BTS Group (NBM),บางชัน,PK27 บางชัน,713.0,8,4,0,0,0,0,0,0,3,0,0,10,0,0,0.5,7.0,0.0,0.0,37.0,154.5,20.0,28.0,0.0,0.0,0.0,0.0,0.0,0.0,0.0,0.0,0,0,0.0,0.0,0.0,0.0,0.0,0.0,0.0,0.0,45.0,222.0,37,9.36,2.5,28.0,3.03,2762.0,1390.0,1390.0,1372.0,5693.0,1672.9,42.0,1.5,458.0,16.6,2262.0,81.9,1063.0,38.5,1615.0,58.5,84.0,3.0,458.0,16.6,1293.0,46.8,1011.0,36.6,5635.666666666667,0.0,635.0,1253.6666666666667,684.3333333333334,0.0,3199.3333333333335,3,Local Station
A21,PK28,PK,รฟม.,BTS Group (NBM),เศรษฐบุตรบำเพ็ญ,PK28 เศรษฐบุตรบำเพ็ญ,862.0,8,4,0,0,0,0,0,0,2,0,0,8,0,0,4.0,19.25,0.0,0.0,90.0,125.0,12.0,32.0,0.0,0.0,0.0,0.0,0.0,0.0,0.0,0.0,0,0,0.0,0.0,0.0,0.0,0.0,0.0,0.0,0.0,54.0,111.33333333333331,49,8.14,2.6,28.0,3.51,2111.0,1061.0,1061.0,1050.0,6538.1,1299.5,137.0,6.5,277.0,13.1,1697.0,80.4,1902.0,90.1,94.0,4.5,115.0,5.4,137.0,6.5,1558.0,73.8,416.0,19.7,8111.75,0.25,447.0,1619.0,1006.75,0.0,10316.5,4,Local Station
A21,PK29,PK,รฟม.,BTS Group (NBM),ตลาดมีนบุรี,PK29 ตลาดมีนบุรี,3071.0,7,12,4,0,1,0,0,3,2,0,0,6,0,0,3.0,11.75,0.0,0.0,6.0,110.5,7.0,9.5,0.0,0.0,0.0,0.0,0.0,0.0,0.0,0.0,0,0,75.0,192.5,4.0,4.0,0.0,0.0,210.0,210.0,8.0,35.25,34,9.46,3.5,28.0,2.6,2108.0,1182.0,1076.0,1032.0,4941.4,1311.2,0.0,0.0,351.0,16.7,1757.0,83.3,576.0,27.3,1352.0,64.1,180.0,8.5,118.0,5.6,1023.0,48.5,967.0,45.9,9408.8,2.4,159.8,3492.4,2311.6,100.4,20956.2,5,Local Station
A21,PK30,PK,รฟม.,BTS Group (NBM),มีนบุรี,PK30 มีนบุรี,1811.0,3,2,0,0,0,0,0,1,1,1,1,5,0,0,35.0,35.0,0.0,0.0,340.0,340.0,5.5,5.5,0.0,0.0,70.0,70.0,90.0,90.0,0.0,0.0,0,0,0.0,0.0,0.0,0.0,0.0,0.0,396.0,396.0,97.0,97.0,39,7.59,1.5,35.0,4.96,2388.0,1224.0,1224.0,1164.0,4690.8,1391.9,0.0,0.0,891.0,37.3,1497.0,62.7,1839.0,77.0,482.0,20.2,67.0,2.8,178.0,7.5,228.0,9.5,1982.0,83.0,9408.8,2.4,159.8,3492.4,2311.6,100.4,20956.2,5,Local Station
A21,PP01,PP,รฟม.,BEM,คลองบางไผ่,PP01 คลองบางไผ่,6697.0,3,3,0,0,3,0,0,1,4,1,1,3,0,0,5.0,16.666666666666668,0.0,0.0,2.0,22.33333333333333,12.0,22.666666666666668,0.0,0.0,20.0,20.0,166.0,166.0,0.0,0.0,0,0,0.0,0.0,5.0,33.333333333333336,0.0,0.0,95.0,95.0,45.0,63.5,48,15.16,4.0,59.5,2.11,2559.0,1810.0,1716.0,843.0,5200.3,2068.9,537.0,21.0,858.0,33.5,1164.0,45.5,2059.0,80.5,90.0,3.5,410.0,16.0,707.0,27.6,1143.0,44.7,709.0,27.7,6655.5,27.25,89.25,2562.75,2133.5,0.0,0.0,4,Local Station
A21,PP02,PP,รฟม.,BEM,ตลาดบางใหญ่,PP02 ตลาดบางใหญ่,5427.0,4,8,1,0,4,0,0,0,2,0,0,3,0,0,3.0,12.5,0.0,0.0,60.0,133.75,7.0,9.5,0.0,0.0,0.0,0.0,0.0,0.0,0.0,0.0,0,0,0.0,0.0,1.0,15.333333333333334,0.0,0.0,0.0,0.0,16.0,24.0,57,8.49,5.0,52.5,2.16,3840.0,2071.0,1916.0,1924.0,8843.1,2376.2,0.0,0.0,1724.0,44.9,2116.0,55.1,2872.0,74.8,658.0,17.1,310.0,8.1,1064.0,27.7,1556.0,40.5,1220.0,31.8,6964.25,9.0,139.25,2759.25,635.5,0.0,119999.5,4,Local Station
A21,PP03,PP,รฟม.,BEM,สามแยกบางใหญ่,PP03 สามแยกบางใหญ่,1451.0,5,3,0,0,0,0,0,0,2,1,1,7,0,0,10.0,28.5,0.0,0.0,2.0,24.5,2.0,11.0,0.0,0.0,5.0,5.0,5.0,5.0,0.0,0.0,0,0,0.0,0.0,0.0,0.0,0.0,0.0,0.0,0.0,37.0,139.0,54,7.27,3.1,49.0,2.33,2260.0,1200.0,1200.0,1060.0,7456.6,1659.5,279.0,12.3,1981.0,87.7,0.0,0.0,1870.0,82.7,324.0,14.3,66.0,2.9,617.0,27.3,1515.0,67.0,128.0,5.7,8224.333333333334,14.333333333333334,354.6666666666667,4010.0,71.66666666666667,32.0,0.0,3,Local Station
A21,PP04,PP,รฟม.,BEM,บางพลู,PP04 บางพลู,2194.0,5,3,0,0,1,0,0,0,4,0,0,5,0,0,4.0,9.666666666666666,0.0,0.0,100.0,102.0,2.0,6.5,0.0,0.0,0.0,0.0,0.0,0.0,0.0,0.0,0,0,0.0,0.0,4.0,4.0,0.0,0.0,0.0,0.0,136.0,142.0,20,10.75,3.0,42.0,2.37,3494.0,1859.0,1708.0,1786.0,3890.9,2128.4,1348.0,38.6,2146.0,61.4,0.0,0.0,3494.0,100.0,0.0,0.0,0.0,0.0,479.0,13.7,3015.0,86.3,0.0,0.0,4585.428571428572,11.0,226.1428571428571,1958.0,160.57142857142858,33.0,0.0,7,Local Station
A21,PP05,PP,รฟม.,BEM,บางรักใหญ่,PP05 บางรักใหญ่,1065.0,3,2,0,0,0,0,0,0,2,0,0,5,0,0,6.0,6.75,0.0,0.0,66.0,166.33333333333334,7.0,36.0,0.0,0.0,0.0,0.0,0.0,0.0,0.0,0.0,0,0,0.0,0.0,0.0,0.0,0.0,0.0,0.0,0.0,20.0,21.0,26,9.54,1.5,49.0,3.01,1511.0,793.0,793.0,718.0,3380.9,1077.0,1349.0,89.3,54.0,3.6,108.0,7.1,1511.0,100.0,0.0,0.0,0.0,0.0,150.0,9.9,1199.0,79.4,162.0,10.7,5163.0,20.0,215.75,1670.75,71.0,89.0,0.0,4,Local Station
A21,PP06,PP,รฟม.,BEM,บางรักน้อยท่าอิฐ,PP06 บางรักน้อยท่าอิฐ,2440.0,4,4,0,0,1,0,0,0,2,1,1,2,0,0,9.0,18.0,0.0,0.0,65.0,74.0,10.0,11.0,0.0,0.0,16.0,16.0,60.0,60.0,0.0,0.0,0,0,0.0,0.0,6.0,6.0,0.0,0.0,0.0,0.0,10.0,38.5,18,14.16,1.5,49.0,2.43,2100.6,1347.6,978.0,1122.6,3312.3,1604.6,169.0,8.0,1401.6,66.7,530.0,25.2,1427.6,68.0,519.0,24.7,154.0,7.3,0.0,0.0,1213.0,57.7,887.6,42.3,7518.25,18.75,39.0,2125.5,252.5,45.0,0.0,4,Local Station
A21,PP07,PP,รฟม.,BEM,ไทรม้า,PP07 ไทรม้า,2104.0,3,2,0,0,0,0,0,0,2,0,0,3,0,0,1.0,6.0,0.0,0.0,11.0,33.0,6.0,6.5,0.0,0.0,0.0,0.0,0.0,0.0,0.0,0.0,0,0,0.0,0.0,0.0,0.0,0.0,0.0,0.0,0.0,12.0,33.5,9,11.09,2.4,49.0,3.0,1353.0,692.0,692.0,661.0,1139.5,991.7,0.0,0.0,0.0,0.0,1353.0,100.0,1353.0,100.0,0.0,0.0,0.0,0.0,0.0,0.0,506.0,37.4,847.0,62.6,7157.333333333333,12.333333333333334,49.333333333333336,1124.0,276.6666666666667,58.0,0.0,3,Local Station
A21,PP08,PP,รฟม.,BEM,สะพานพระนั่งเกล้า,PP08 สะพานพระนั่งเกล้า,2817.0,7,4,0,1,0,0,0,0,1,0,0,4,0,0,3.0,7.666666666666667,0.0,0.0,55.0,118.0,72.0,72.0,90.0,90.0,0.0,0.0,0.0,0.0,0.0,0.0,0,0,0.0,0.0,0.0,0.0,0.0,0.0,0.0,0.0,12.0,16.0,39,9.01,2.9,35.0,3.82,3480.0,1750.0,1750.0,1730.0,4082.8,2146.2,0.0,0.0,348.0,10.0,3132.0,90.0,2504.0,72.0,632.0,18.2,344.0,9.9,213.0,6.1,1712.0,49.2,1555.0,44.7,8864.5,5.25,791.5,6107.75,760.25,74.0,0.0,4,Local Station
A21,PP09,PP,รฟม.,BEM,แยกนนทบุรี 1,PP09 แยกนนทบุรี 1,3261.0,3,4,0,0,1,0,0,0,2,1,1,2,0,0,10.0,11.5,0.0,0.0,55.0,191.0,11.0,11.5,0.0,0.0,32.0,32.0,51.0,51.0,0.0,0.0,0,0,0.0,0.0,15.0,15.0,0.0,0.0,0.0,0.0,26.0,97.66666666666669,20,13.77,2.0,42.0,2.57,3552.0,1896.0,1896.0,1656.0,3905.0,2184.1,0.0,0.0,946.0,26.6,2606.0,73.4,2665.0,75.0,887.0,25.0,0.0,0.0,99.0,2.8,2280.0,64.2,1173.0,33.0,7512.25,4.25,1122.75,5978.0,827.0,20.0,35000.0,4,Local Station
A21,PP10,PP,รฟม.,BEM,บางกระสอ,PP10 บางกระสอ,2654.0,4,3,0,0,0,1,0,0,2,0,0,2,0,0,3.0,6.5,0.0,0.0,3.0,140.33333333333334,2.0,9.0,0.0,0.0,0.0,0.0,0.0,0.0,0.0,0.0,0,0,0.0,0.0,0.0,0.0,42.0,42.0,0.0,0.0,27.0,71.5,38,8.39,3.3,49.0,2.5,1528.0,798.0,798.0,730.0,5036.7,1222.7,0.0,0.0,688.0,45.0,840.0,55.0,1528.0,100.0,0.0,0.0,0.0,0.0,214.0,14.0,744.0,48.7,570.0,37.3,9822.0,0.8,637.4,7683.8,662.0,350.0,30800.0,5,Local Station
A21,PP12,PP,รฟม.,BEM,กระทรวงสาธารณะสุข,PP12 กระทรวงสาธารณะสุข,4496.0,5,2,0,0,0,0,1,0,0,0,0,3,0,0,20.0,20.0,0.0,0.0,38.0,66.5,0.0,0.0,0.0,0.0,0.0,0.0,0.0,0.0,145.0,145.0,0,0,0.0,0.0,0.0,0.0,0.0,0.0,0.0,0.0,13.0,29.0,42,5.83,2.6,21.0,2.41,2325.0,1180.0,1180.0,1145.0,4432.6,1940.3,0.0,0.0,1129.0,48.6,1196.0,51.4,648.0,27.9,1561.0,67.1,116.0,5.0,495.0,21.3,1687.0,72.6,143.0,6.2,8048.4,0.8,382.8,7860.4,718.6,0.0,6480.0,5,Local Station
A21,PP14,PP,รฟม.,BEM,วงศ์สว่าง,PP14 วงศ์สว่าง,3095.0,11,4,0,0,0,0,0,0,0,0,0,6,0,0,5.0,6.0,0.0,0.0,56.0,141.75,0.0,0.0,0.0,0.0,0.0,0.0,0.0,0.0,0.0,0.0,0,0,0.0,0.0,0.0,0.0,0.0,0.0,0.0,0.0,6.0,62.0,83,5.09,2.3,24.5,2.88,3189.0,1581.0,1581.0,1608.0,5904.6,1779.4,0.0,0.0,890.0,27.9,2299.0,72.1,389.0,12.2,1089.0,34.1,1711.0,53.7,0.0,0.0,512.0,16.1,2677.0,83.9,11721.666666666666,0.0,343.6666666666667,4622.333333333333,421.3333333333333,0.0,5328.0,3,Local Station
AEC,A04,ARL,รฟท.,บ. รถไฟฟ้า ร.ฟ.ท.,หัวหมาก,ARL หัวหมาก และ MRT หัวหมาก,7467.578947,6,8,1,0,1,0,0,0,2,1,1,3,0,0,5.0,33.333333333333336,0.0,0.0,91.0,93.0,5.0,12.5,0.0,0.0,120.0,120.0,10.0,10.0,0.0,0.0,0,0,230.0,230.0,140.0,140.0,0.0,0.0,0.0,0.0,10.0,59.5,70,6.29,3.5,12.0,2.75,8285.0,7008.0,7008.0,1277.0,10588.9,6821.9,0.0,0.0,4096.0,49.4,3329.0,40.2,1030.0,12.4,324.0,3.9,6931.0,83.7,670.0,8.1,5305.0,64.0,2310.0,27.9,3984.0,0.1666666666666666,499.0,5560.166666666667,3026.0,54.5,4374.666666666667,6,Interchange Station
AEC,YL11,YL,รฟม.,BTS Group (EBM),หัวหมาก,ARL หัวหมาก และ MRT หัวหมาก,3225.0,6,8,1,0,1,0,0,0,2,1,1,3,0,0,5.0,33.333333333333336,0.0,0.0,91.0,93.0,5.0,12.5,0.0,0.0,120.0,120.0,10.0,10.0,0.0,0.0,0,0,230.0,230.0,140.0,140.0,0.0,0.0,0.0,0.0,10.0,59.5,70,6.29,3.5,12.0,2.75,8285.0,7008.0,7008.0,1277.0,10588.9,6821.9,0.0,0.0,4096.0,49.4,3329.0,40.2,1030.0,12.4,324.0,3.9,6931.0,83.7,670.0,8.1,5305.0,64.0,2310.0,27.9,3984.0,0.1666666666666666,499.0,5560.166666666667,3026.0,54.5,4374.666666666667,6,Interchange Station
AEC,S07,BTS,กทม. (ผ่าน กรุงเทพธนาคม),BTSC (BTS Group),กรุงธนบุรี,BTS กรุงธนบุรี และ MRT กรุงธนบุรี,11356.0,4,3,0,0,1,0,0,0,0,1,1,4,0,0,6.0,8.5,0.0,0.0,17.0,70.25,0.0,0.0,0.0,0.0,2.0,2.0,2.0,2.0,0.0,0.0,0,0,0.0,0.0,5.0,5.0,0.0,0.0,0.0,0.0,5.0,9.0,123,4.29,1.5,9.0,6.11,4682.0,4599.0,4599.0,83.0,10710.3,3970.1,0.0,0.0,900.0,19.2,3782.0,80.8,205.0,4.4,3887.0,83.0,590.0,12.6,0.0,0.0,1022.0,21.8,3660.0,78.2,6000.833333333333,0.0,887.8333333333334,4682.166666666667,278.3333333333333,135.66666666666666,0.0,6,Interchange Station
AEC,G1,GL,กทม. (ผ่าน กรุงเทพธนาคม),BTSC (BTS Group),กรุงธนบุรี,BTS กรุงธนบุรี และ MRT กรุงธนบุรี,3378.454545,4,3,0,0,1,0,0,0,0,1,1,4,0,0,6.0,8.5,0.0,0.0,17.0,70.25,0.0,0.0,0.0,0.0,2.0,2.0,2.0,2.0,0.0,0.0,0,0,0.0,0.0,5.0,5.0,0.0,0.0,0.0,0.0,5.0,9.0,123,4.29,1.5,9.0,6.11,4682.0,4599.0,4599.0,83.0,10710.3,3970.1,0.0,0.0,900.0,19.2,3782.0,80.8,205.0,4.4,3887.0,83.0,590.0,12.6,0.0,0.0,1022.0,21.8,3660.0,78.2,6000.833333333333,0.0,887.8333333333334,4682.166666666667,278.3333333333333,135.66666666666666,0.0,6,Interchange Station
AEC,S12,BTS,กทม. (ผ่าน กรุงเทพธนาคม),BTSC (BTS Group),บางหว้า,BTS บางหว้า และ MRT บางหว้า,16969.0,8,5,0,0,2,0,0,1,1,0,2,12,0,0,10.0,30.0,0.0,0.0,10.0,77.0,32.0,32.0,0.0,0.0,0.0,0.0,10.0,10.0,0.0,0.0,0,0,0.0,0.0,21.0,21.0,0.0,0.0,30.0,30.0,12.0,55.66666666666666,76,5.68,1.5,62.0,2.55,4320.0,3570.0,3570.0,750.0,11357.5,4087.6,0.0,0.0,2500.0,57.9,1320.0,30.6,2280.0,52.8,2040.0,47.2,0.0,0.0,0.0,0.0,3200.0,74.1,1120.0,25.9,7027.285714285715,0.5714285714285714,1224.2857142857142,2611.285714285714,1630.571428571429,24.857142857142858,0.0,7,Interchange Station
AEC,BL34,BL,รฟม.,BEM,บางหว้า,BTS บางหว้า และ MRT บางหว้า,11869.0,8,5,0,0,2,0,0,1,1,0,2,12,0,0,10.0,30.0,0.0,0.0,10.0,77.0,32.0,32.0,0.0,0.0,0.0,0.0,10.0,10.0,0.0,0.0,0,0,0.0,0.0,21.0,21.0,0.0,0.0,30.0,30.0,12.0,55.66666666666666,76,5.68,1.5,62.0,2.55,4320.0,3570.0,3570.0,750.0,11357.5,4087.6,0.0,0.0,2500.0,57.9,1320.0,30.6,2280.0,52.8,2040.0,47.2,0.0,0.0,0.0,0.0,3200.0,74.1,1120.0,25.9,7027.285714285715,0.5714285714285714,1224.2857142857142,2611.285714285714,1630.571428571429,24.857142857142858,0.0,7,Interchange Station
AEC,N02,BTS,กทม. (ผ่าน กรุงเทพธนาคม),BTSC (BTS Group),พญาไท,BTS พญาไท และ APL พญาไท,22095.0,12,13,0,0,0,3,0,0,6,1,1,3,4,0,43.0,79.0,21.0,32.0,43.0,134.33333333333334,24.0,57.0,0.0,0.0,40.0,40.0,40.0,40.0,0.0,0.0,0,0,0.0,0.0,0.0,0.0,24.0,24.0,0.0,0.0,11.0,26.83333333333333,92,4.17,3.0,12.0,2.7,6334.0,6334.0,6334.0,0.0,6405.5,5396.5,0.0,0.0,0.0,0.0,6303.0,99.5,4403.0,69.5,1450.0,22.9,450.0,7.1,0.0,0.0,0.0,0.0,6303.0,99.5,6649.25,0.0,153.375,9589.125,1266.0,1154.875,45318.125,8,Interchange Station
AEC,A08,ARL,รฟท.,บ. รถไฟฟ้า ร.ฟ.ท.,พญาไท,BTS พญาไท และ APL พญาไท,16150.15789,12,13,0,0,0,3,0,0,6,1,1,3,4,0,43.0,79.0,21.0,32.0,43.0,134.33333333333334,24.0,57.0,0.0,0.0,40.0,40.0,40.0,40.0,0.0,0.0,0,0,0.0,0.0,0.0,0.0,24.0,24.0,0.0,0.0,11.0,26.83333333333333,92,4.17,3.0,12.0,2.7,6334.0,6334.0,6334.0,0.0,6405.5,5396.5,0.0,0.0,0.0,0.0,6303.0,99.5,4403.0,69.5,1450.0,22.9,450.0,7.1,0.0,0.0,0.0,0.0,6303.0,99.5,6649.25,0.0,153.375,9589.125,1266.0,1154.875,45318.125,8,Interchange Station
AEC,N17,BTS,กทม. (ผ่าน กรุงเทพธนาคม),BTSC (BTS Group),วัดพระศรีมหาธาตุ,BTS วัดพระศรีมหาธาตุ และ MRT วัดพระศรีมหาธาตุ,23791.0,5,5,0,0,1,0,0,0,2,0,1,7,0,0,5.0,14.285714285714286,0.0,0.0,52.0,218.8,15.0,57.5,0.0,0.0,0.0,0.0,5.0,5.0,0.0,0.0,0,0,0.0,0.0,10.0,10.0,0.0,0.0,0.0,0.0,20.0,66.6,34,7.12,3.0,12.0,2.64,4941.0,4940.0,4940.0,1.0,10503.4,4816.9,0.0,0.0,1550.0,31.4,3391.0,68.6,4440.0,89.9,445.0,9.0,55.0,1.1,0.0,0.0,2290.0,46.3,2650.0,53.6,10442.2,0.0,66.0,5114.4,3237.0,0.0,24517.6,5,Interchange Station
AEC,PK16,PK,รฟม.,BTS Group (NBM),วัดพระศรีมหาธาตุ,BTS วัดพระศรีมหาธาตุ และ MRT วัดพระศรีมหาธาตุ,1470.0,5,5,0,0,1,0,0,0,2,0,1,7,0,0,5.0,14.285714285714286,0.0,0.0,52.0,218.8,15.0,57.5,0.0,0.0,0.0,0.0,5.0,5.0,0.0,0.0,0,0,0.0,0.0,10.0,10.0,0.0,0.0,0.0,0.0,20.0,66.6,34,7.12,3.0,12.0,2.64,4941.0,4940.0,4940.0,1.0,10503.4,4816.9,0.0,0.0,1550.0,31.4,3391.0,68.6,4440.0,89.9,445.0,9.0,55.0,1.1,0.0,0.0,2290.0,46.3,2650.0,53.6,10442.2,0.0,66.0,5114.4,3237.0,0.0,24517.6,5,Interchange Station
AEC,S02,BTS,กทม. (ผ่าน กรุงเทพธนาคม),BTSC (BTS Group),ศาลาแดง,BTS ศาลาแดง  และ MRT สีลม,29675.0,12,20,2,0,0,4,0,0,7,3,3,0,7,0,0.0,0.0,27.0,35.5,3.0,128.0,160.0,280.0,0.0,0.0,110.0,110.0,110.0,110.0,0.0,0.0,0,0,6.0,6.0,0.0,0.0,6.0,6.0,0.0,0.0,6.0,12.2,87,5.54,2.5,15.0,1.99,10281.8,8011.8,8011.8,2270.0,10602.3,8296.8,0.0,0.0,0.0,0.0,10281.8,100.0,7831.8,76.2,2050.0,19.9,400.0,3.9,0.0,0.0,0.0,0.0,10281.8,100.0,2627.25,0.0,187.5,22172.0,1497.625,786.5,22500.0,8,Major Hub
AEC,BL26,BL,รฟม.,BEM,สีลม,BTS ศาลาแดง  และ MRT สีลม,25542.0,12,20,2,0,0,4,0,0,7,3,3,0,7,0,0.0,0.0,27.0,35.5,3.0,128.0,160.0,280.0,0.0,0.0,110.0,110.0,110.0,110.0,0.0,0.0,0,0,6.0,6.0,0.0,0.0,6.0,6.0,0.0,0.0,6.0,12.2,87,5.54,2.5,15.0,1.99,10281.8,8011.8,8011.8,2270.0,10602.3,8296.8,0.0,0.0,0.0,0.0,10281.8,100.0,7831.8,76.2,2050.0,19.9,400.0,3.9,0.0,0.0,0.0,0.0,10281.8,100.0,2627.25,0.0,187.5,22172.0,1497.625,786.5,22500.0,8,Major Hub
AEC,S06,BTS,กทม. (ผ่าน กรุงเทพธนาคม),BTSC (BTS Group),สะพานตากสิน,BTS สะพานตากสิน,13908.0,8,7,1,0,0,5,0,1,2,0,2,1,2,0,22.0,22.0,52.0,52.0,110.0,125.0,20.0,20.0,0.0,0.0,0.0,0.0,20.0,20.0,0.0,0.0,0,0,30.0,30.0,0.0,0.0,86.0,86.0,0.0,0.0,30.0,30.0,68,4.77,1.5,12.0,1.92,4687.0,2674.0,2674.0,2013.0,7026.8,2622.1,0.0,0.0,0.0,0.0,4687.0,100.0,2997.0,63.9,760.0,16.2,930.0,19.8,800.0,17.1,3493.0,74.5,394.0,8.4,4255.5,0.0,573.625,15863.625,2546.5,580.875,4509.375,8,Intermodal Transportation Hub
AEC,E15,BTS,กทม. (ผ่าน กรุงเทพธนาคม),BTSC (BTS Group),สำโรง,BTS สำโรง และ MRT  สำโรง,16742.0,5,10,2,1,2,1,0,0,5,1,1,5,0,0,5.0,37.75,0.0,0.0,5.0,69.5,5.0,32.5,120.0,120.0,300.0,300.0,98.0,98.0,0.0,0.0,0,0,99.0,194.5,5.0,10.5,290.0,290.0,0.0,0.0,5.0,29.6,67,4.54,2.5,12.0,2.34,5984.0,5534.0,5534.0,450.0,8341.5,4600.2,0.0,0.0,4600.0,76.9,1384.0,23.1,1584.0,26.5,3700.0,61.8,700.0,11.7,0.0,0.0,5500.0,91.9,484.0,8.1,11605.25,0.0,3608.75,7661.5,1290.5,120.75,74500.0,4,Interchange Station
AEC,YL23,YL,รฟม.,BTS Group (EBM),สำโรง,BTS สำโรง และ MRT  สำโรง,4158.0,5,10,2,1,2,1,0,0,5,1,1,5,0,0,5.0,37.75,0.0,0.0,5.0,69.5,5.0,32.5,120.0,120.0,300.0,300.0,98.0,98.0,0.0,0.0,0,0,99.0,194.5,5.0,10.5,290.0,290.0,0.0,0.0,5.0,29.6,67,4.54,2.5,12.0,2.34,5984.0,5534.0,5534.0,450.0,8341.5,4600.2,0.0,0.0,4600.0,76.9,1384.0,23.1,1584.0,26.5,3700.0,61.8,700.0,11.7,0.0,0.0,5500.0,91.9,484.0,8.1,11605.25,0.0,3608.75,7661.5,1290.5,120.75,74500.0,4,Interchange Station
AEC,N08,BTS,กทม. (ผ่าน กรุงเทพธนาคม),BTSC (BTS Group),หมอชิต,BTS หมอชิต และ MRT สวนจตุจักร,35483.0,7,14,0,0,6,1,0,3,4,1,0,2,0,0,16.0,208.0,0.0,0.0,15.0,58.0,5.0,67.5,0.0,0.0,300.0,300.0,0.0,0.0,0.0,0.0,0,0,0.0,0.0,8.0,50.75,200.0,200.0,0.0,0.0,5.0,12.6,39,5.87,3.5,15.0,2.04,6520.0,4355.0,4355.0,2165.0,7658.5,4239.6,0.0,0.0,0.0,0.0,6520.0,100.0,0.0,0.0,2656.0,40.7,3864.0,59.3,0.0,0.0,76.0,1.2,6444.0,98.8,6500.2,0.0,49.6,12159.6,369.8,20.2,0.0,5,Interchange Station
AEC,BL13,BL,รฟม.,BEM,สวนจตุจักร,BTS หมอชิต และ MRT สวนจตุจักร,29619.0,7,14,0,0,6,1,0,3,4,1,0,2,0,0,16.0,208.0,0.0,0.0,15.0,58.0,5.0,67.5,0.0,0.0,300.0,300.0,0.0,0.0,0.0,0.0,0,0,0.0,0.0,8.0,50.75,200.0,200.0,0.0,0.0,5.0,12.6,39,5.87,3.5,15.0,2.04,6520.0,4355.0,4355.0,2165.0,7658.5,4239.6,0.0,0.0,0.0,0.0,6520.0,100.0,0.0,0.0,2656.0,40.7,3864.0,59.3,0.0,0.0,76.0,1.2,6444.0,98.8,6500.2,0.0,49.6,12159.6,369.8,20.2,0.0,5,Interchange Station
AEC,N09,BTS,กทม. (ผ่าน กรุงเทพธนาคม),BTSC (BTS Group),5 แยกลาดพร้าว,BTS ห้าแยกลาดพร้าว และ MRT พหลโยธิน,26705.0,11,13,0,0,4,0,0,0,5,1,1,8,7,0,2.0,28.33333333333333,9.0,20.25,10.0,80.66666666666667,5.0,32.8,0.0,0.0,50.0,50.0,0.0,0.0,0.0,0.0,0,0,0.0,0.0,5.0,58.333333333333336,0.0,0.0,0.0,0.0,5.0,73.125,109,5.18,2.0,21.0,1.8,8614.0,8014.0,8014.0,600.0,13566.8,6575.7,0.0,0.0,450.0,5.2,7474.0,86.8,4592.0,53.3,2422.0,28.1,1600.0,18.6,290.0,3.4,1204.0,14.0,7120.0,82.7,5191.333333333333,0.0,73.66666666666667,9381.5,729.5,142.16666666666666,76666.66666666667,6,Interchange Station
AEC,BL14,BL,รฟม.,BEM,พหลโยธิน,BTS ห้าแยกลาดพร้าว และ MRT พหลโยธิน,16411.0,11,13,0,0,4,0,0,0,5,1,1,8,7,0,2.0,28.33333333333333,9.0,20.25,10.0,80.66666666666667,5.0,32.8,0.0,0.0,50.0,50.0,0.0,0.0,0.0,0.0,0,0,0.0,0.0,5.0,58.333333333333336,0.0,0.0,0.0,0.0,5.0,73.125,109,5.18,2.0,21.0,1.8,8614.0,8014.0,8014.0,600.0,13566.8,6575.7,0.0,0.0,450.0,5.2,7474.0,86.8,4592.0,53.3,2422.0,28.1,1600.0,18.6,290.0,3.4,1204.0,14.0,7120.0,82.7,5191.333333333333,0.0,73.66666666666667,9381.5,729.5,142.16666666666666,76666.66666666667,6,Interchange Station
AEC,N03,BTS,กทม. (ผ่าน กรุงเทพธนาคม),BTSC (BTS Group),อนุสาวรีย์ชัยสมรภูมิ,BTS อนุสาวรีย์ชัยสมรภูมิ,22424.0,13,22,0,0,2,2,0,5,5,0,0,3,2,0,12.0,32.0,32.0,32.0,29.0,59.5,10.0,10.0,0.0,0.0,0.0,0.0,0.0,0.0,0.0,0.0,0,0,0.0,0.0,190.0,190.0,250.0,250.0,0.0,0.0,5.0,16.75,54,5.56,3.0,15.0,2.07,6569.0,6309.0,6309.0,260.0,5952.6,4867.3,0.0,0.0,0.0,0.0,6569.0,100.0,1310.0,19.9,3849.0,58.6,1410.0,21.5,0.0,0.0,0.0,0.0,6569.0,100.0,6300.875,0.0,406.5,10786.125,1472.0,425.75,18750.0,8,Intermodal Transportation Hub
AEC,E04,BTS,กทม. (ผ่าน กรุงเทพธนาคม),BTSC (BTS Group),อโศก,BTS อโศก และ MRT สุขุมวิท,52388.0,10,14,0,0,4,2,0,0,0,1,1,6,8,0,4.0,16.5,4.0,24.8,55.0,118.8,0.0,0.0,0.0,0.0,49.0,49.0,49.0,49.0,0.0,0.0,0,0,0.0,0.0,5.0,70.75,160.0,160.0,0.0,0.0,5.0,50.625,77,5.62,3.0,12.0,2.11,9538.0,7301.0,7301.0,2237.0,10130.5,6895.1,0.0,0.0,0.0,0.0,9538.0,100.0,4148.0,43.5,3990.0,41.8,1400.0,14.7,0.0,0.0,240.0,2.5,9298.0,97.5,9626.8,0.0,209.2,17849.0,656.4,2799.6,32789.6,5,Major Hub
AEC,BL22,BL,รฟม.,BEM,สุขุมวิท,BTS อโศก และ MRT สุขุมวิท,44114.0,10,14,0,0,4,2,0,0,0,1,1,6,8,0,4.0,16.5,4.0,24.8,55.0,118.8,0.0,0.0,0.0,0.0,49.0,49.0,49.0,49.0,0.0,0.0,0,0,0.0,0.0,5.0,70.75,160.0,160.0,0.0,0.0,5.0,50.625,77,5.62,3.0,12.0,2.11,9538.0,7301.0,7301.0,2237.0,10130.5,6895.1,0.0,0.0,0.0,0.0,9538.0,100.0,4148.0,43.5,3990.0,41.8,1400.0,14.7,0.0,0.0,240.0,2.5,9298.0,97.5,9626.8,0.0,209.2,17849.0,656.4,2799.6,32789.6,5,Major Hub
AEC,BL01,BL,รฟม.,BEM,ท่าพระ,MRT ท่าพระ,8544.0,11,5,0,0,0,0,0,0,0,0,0,6,0,0,10.0,13.666666666666666,0.0,0.0,170.0,204.0,0.0,0.0,0.0,0.0,0.0,0.0,0.0,0.0,0.0,0.0,0,0,0.0,0.0,0.0,0.0,0.0,0.0,0.0,0.0,5.0,7.5,106,4.88,2.5,15.0,2.01,3993.0,3993.0,3993.0,0.0,8394.2,3993.3,0.0,0.0,465.0,11.6,3528.0,88.4,2543.0,63.7,1450.0,36.3,0.0,0.0,0.0,0.0,465.0,11.6,3528.0,88.4,7308.25,0.0,901.5,2204.5,1225.25,25.25,0.0,4,Interchange Station
AEC,BL11,BL,รฟม.,BEM,บางซื่อ,MRT บางซื่อ และ SRT กรงเทพอภิวัฒน์,14635.0,3,3,0,0,2,0,0,0,0,0,0,0,0,0,0.0,0.0,0.0,0.0,3.0,11.666666666666666,0.0,0.0,0.0,0.0,0.0,0.0,0.0,0.0,0.0,0.0,0,0,0.0,0.0,5.0,10.0,0.0,0.0,0.0,0.0,10.0,17.666666666666668,19,6.67,3.0,12.0,1.57,2869.0,2499.0,2499.0,370.0,2264.3,2128.3,0.0,0.0,1787.0,62.3,1082.0,37.7,2334.0,81.4,258.0,9.0,277.0,9.7,0.0,0.0,2511.0,87.5,358.0,12.5,6731.0,0.0,120.66666666666669,3330.0,484.0,0.0,11404.333333333334,3,Intermodal Transportation Hub
AEC,RN01,RW/RN,รฟท.,บ. รถไฟฟ้า ร.ฟ.ท.,กรุงเทพอภิวัฒน์,MRT บางซื่อ และ SRT กรงเทพอภิวัฒน์,9347.636364,3,3,0,0,2,0,0,0,0,0,0,0,0,0,0.0,0.0,0.0,0.0,3.0,11.666666666666666,0.0,0.0,0.0,0.0,0.0,0.0,0.0,0.0,0.0,0.0,0,0,0.0,0.0,5.0,10.0,0.0,0.0,0.0,0.0,10.0,17.666666666666668,19,6.67,3.0,12.0,1.57,2869.0,2499.0,2499.0,370.0,2264.3,2128.3,0.0,0.0,1787.0,62.3,1082.0,37.7,2334.0,81.4,258.0,9.0,277.0,9.7,0.0,0.0,2511.0,87.5,358.0,12.5,6731.0,0.0,120.66666666666669,3330.0,484.0,0.0,11404.333333333334,3,Intermodal Transportation Hub
AEC,PP15,PP,รฟม.,BEM,บางซ่อน,MRT บางซ่อน และ SRT บางซ่อน,4510.0,12,11,0,0,0,2,0,0,0,2,4,4,0,0,4.0,21.33333333333333,0.0,0.0,5.0,94.2,0.0,0.0,0.0,0.0,160.0,160.0,64.0,128.0,0.0,0.0,0,0,0.0,0.0,0.0,0.0,63.0,63.0,0.0,0.0,6.0,31.6,98,3.94,2.5,12.0,1.8,4918.0,4884.0,4884.0,34.0,8783.7,4759.1,0.0,0.0,0.0,0.0,4918.0,100.0,818.0,16.6,2050.0,41.7,2050.0,41.7,0.0,0.0,1200.0,24.4,3718.0,75.6,13180.8,0.0,628.6,5089.8,994.6,0.0,3196.8,5,Interchange Station
AEC,RW02,RW/RN,รฟท.,บ. รถไฟฟ้า ร.ฟ.ท.,บางซ่อน,MRT บางซ่อน และ SRT บางซ่อน,519.0,12,11,0,0,0,2,0,0,0,2,4,4,0,0,4.0,21.33333333333333,0.0,0.0,5.0,94.2,0.0,0.0,0.0,0.0,160.0,160.0,64.0,128.0,0.0,0.0,0,0,0.0,0.0,0.0,0.0,63.0,63.0,0.0,0.0,6.0,31.6,98,3.94,2.5,12.0,1.8,4918.0,4884.0,4884.0,34.0,8783.7,4759.1,0.0,0.0,0.0,0.0,4918.0,100.0,818.0,16.6,2050.0,41.7,2050.0,41.7,0.0,0.0,1200.0,24.4,3718.0,75.6,13180.8,0.0,628.6,5089.8,994.6,0.0,3196.8,5,Interchange Station
AEC,BL09,BL,รฟม.,BEM,บางโพ,MRT บางโพ,5028.0,8,7,0,0,0,1,0,0,0,0,0,5,0,0,5.0,73.25,0.0,0.0,120.0,210.0,0.0,0.0,0.0,0.0,0.0,0.0,0.0,0.0,0.0,0.0,0,0,0.0,0.0,0.0,0.0,220.0,220.0,0.0,0.0,9.0,28.666666666666668,74,4.23,2.5,9.0,2.55,3300.0,3300.0,3300.0,0.0,5268.9,3263.5,0.0,0.0,0.0,0.0,3300.0,100.0,0.0,0.0,2000.0,60.6,1300.0,39.4,0.0,0.0,0.0,0.0,3300.0,100.0,15501.833333333334,0.0,738.6666666666666,5302.166666666667,1608.6666666666667,65.5,15833.333333333334,6,Local Station
AEC,BL15,BL,รฟม.,BEM,ลาดพร้าว,MRT ลาดพร้าว สีน้ำเงิน และ MRT ลาดพร้าว สีเหลือง,20450.0,7,10,0,0,0,0,0,0,3,1,1,6,1,0,9.0,76.33333333333333,51.0,51.0,20.0,62.5,2.0,27.666666666666668,0.0,0.0,9.0,9.0,9.0,9.0,0.0,0.0,0,0,0.0,0.0,0.0,0.0,0.0,0.0,0.0,0.0,2.0,56.66666666666666,114,5.15,3.0,12.0,2.43,4697.0,4697.0,4697.0,0.0,13848.2,4616.1,0.0,0.0,570.0,12.1,3777.0,80.4,2549.0,54.3,1828.0,38.9,320.0,6.8,0.0,0.0,1189.0,25.3,3508.0,74.7,5747.5,0.0,195.0,2129.75,1862.75,378.0,12214.5,4,Interchange Station
AEC,YL01,YL,รฟม.,BTS Group (EBM),ลาดพร้าว,MRT ลาดพร้าว สีน้ำเงิน และ MRT ลาดพร้าว สีเหลือง,10796.0,7,10,0,0,0,0,0,0,3,1,1,6,1,0,9.0,76.33333333333333,51.0,51.0,20.0,62.5,2.0,27.666666666666668,0.0,0.0,9.0,9.0,9.0,9.0,0.0,0.0,0,0,0.0,0.0,0.0,0.0,0.0,0.0,0.0,0.0,2.0,56.66666666666666,114,5.15,3.0,12.0,2.43,4697.0,4697.0,4697.0,0.0,13848.2,4616.1,0.0,0.0,570.0,12.1,3777.0,80.4,2549.0,54.3,1828.0,38.9,320.0,6.8,0.0,0.0,1189.0,25.3,3508.0,74.7,5747.5,0.0,195.0,2129.75,1862.75,378.0,12214.5,4,Interchange Station
AEC,PP11,PP,รฟม.,BEM,ศูนย์ราชการนนทบุรี,MRT ศูนย์ราชการนนทบุรี (สีม่วง) และ ศูนย์ราชการนนทบุรี (สีชมพู),5266.0,12,6,0,0,3,0,0,0,5,1,1,11,0,0,5.0,29.0,0.0,0.0,6.0,70.16666666666667,9.0,123.0,0.0,0.0,79.0,79.0,79.0,79.0,0.0,0.0,0,0,0.0,0.0,25.0,62.333333333333336,0.0,0.0,0.0,0.0,2.0,63.0,81,4.89,3.0,10.0,1.91,6598.0,6598.0,6598.0,0.0,13804.2,6290.0,0.0,0.0,0.0,0.0,6598.0,100.0,2319.0,35.1,2180.0,33.0,2099.0,31.8,0.0,0.0,0.0,0.0,6598.0,100.0,7113.666666666667,0.0,368.8333333333333,7934.333333333333,543.1666666666666,33.666666666666664,16666.666666666668,6,Interchange Station
AEC,PK01,PK,รฟม.,BTS Group (NBM),ศูนย์ราชการนนทบุรี,MRT ศูนย์ราชการนนทบุรี (สีม่วง) และ ศูนย์ราชการนนทบุรี (สีชมพู),3117.0,12,6,0,0,3,0,0,0,5,1,1,11,0,0,5.0,29.0,0.0,0.0,6.0,70.16666666666667,9.0,123.0,0.0,0.0,79.0,79.0,79.0,79.0,0.0,0.0,0,0,0.0,0.0,25.0,62.333333333333336,0.0,0.0,0.0,0.0,2.0,63.0,81,4.89,3.0,10.0,1.91,6598.0,6598.0,6598.0,0.0,13804.2,6290.0,0.0,0.0,0.0,0.0,6598.0,100.0,2319.0,35.1,2180.0,33.0,2099.0,31.8,0.0,0.0,0.0,0.0,6598.0,100.0,7113.666666666667,0.0,368.8333333333333,7934.333333333333,543.1666666666666,33.666666666666664,16666.666666666668,6,Interchange Station
AEC,BL31,BL,รฟม.,BEM,สนามไชย,MRT สนามไชย,9083.0,16,3,0,0,3,15,0,0,0,0,0,1,0,0,500.0,500.0,0.0,0.0,41.0,85.5,0.0,0.0,0.0,0.0,0.0,0.0,0.0,0.0,0.0,0.0,0,0,0.0,0.0,140.0,140.0,12.0,28.5,0.0,0.0,5.0,97.5,65,5.45,2.5,18.0,1.75,12935.5,6678.5,6678.5,6257.0,6238.7,5896.0,0.0,0.0,0.0,0.0,12385.5,95.7,6135.5,47.4,5871.0,45.4,929.0,7.2,1858.0,14.4,2599.0,20.1,8478.5,65.5,5133.428571428572,0.0,152.28571428571428,5073.428571428572,7644.714285714285,92.28571428571428,2612.8571428571427,7,Local Station
AEC,BL28,BL,รฟม.,BEM,หัวลำโพง,MRT หัวลำโพง,7900.0,15,5,0,0,2,7,0,0,5,2,2,3,3,0,9.0,12.0,15.0,92.5,49.0,65.66666666666667,53.0,101.5,0.0,0.0,130.0,130.0,130.0,130.0,0.0,0.0,0,0,0.0,0.0,190.0,190.0,15.0,15.0,0.0,0.0,2.0,2.0,148,5.16,1.5,15.0,2.1,14569.0,9817.0,9817.0,4752.0,11750.8,9119.2,0.0,0.0,941.0,6.5,13628.0,93.5,7460.0,51.2,3399.0,23.3,3710.0,25.5,700.0,4.8,4342.0,29.8,9527.0,65.4,5339.444444444444,0.0,118.88888888888889,8180.444444444444,1207.888888888889,296.22222222222223,0.0,9,Intermodal Transportation Hub
AEC,BL10,BL,รฟม.,BEM,เตาปูน,MRT เตาปูน,7300.0,9,14,0,0,0,8,0,0,1,0,0,4,0,0,4.0,45.66666666666666,0.0,0.0,83.0,108.25,40.0,40.0,0.0,0.0,0.0,0.0,0.0,0.0,0.0,0.0,0,0,0.0,0.0,0.0,0.0,21.0,107.0,0.0,0.0,6.0,21.25,113,4.16,2.0,10.0,1.95,5103.0,5067.0,5067.0,36.0,7357.8,4761.0,0.0,0.0,365.0,7.2,4388.0,86.0,2553.0,50.0,1750.0,34.3,800.0,15.7,0.0,0.0,750.0,14.7,4353.0,85.3,18973.25,0.0,765.0,6257.5,1027.75,0.0,8553.25,4,Interchange Station
AEC,BL21,BL,รฟม.,BEM,เพชรบุรี,MRT เพชรบุรี และ ARL มักกะสัน,35458.0,9,9,0,0,1,0,0,0,3,4,4,5,0,0,3.0,110.0,0.0,0.0,5.0,35.666666666666664,9.0,15.5,0.0,0.0,87.0,163.5,87.0,163.5,0.0,0.0,0,0,0.0,0.0,9.0,9.0,0.0,0.0,0.0,0.0,10.0,74.83333333333333,61,6.43,3.0,12.0,2.43,6198.0,6198.0,6198.0,0.0,13069.3,6026.7,0.0,0.0,450.0,7.3,5558.0,89.7,4176.0,67.4,2022.0,32.6,0.0,0.0,920.0,14.8,300.0,4.8,4978.0,80.3,1814.6666666666667,0.0,95.5,3620.5,5646.666666666667,369.0,0.0,6,Interchange Station
AEC,A06,ARL,รฟท.,บ. รถไฟฟ้า ร.ฟ.ท.,มักกะสัน,MRT เพชรบุรี และ ARL มักกะสัน,13594.78947,9,9,0,0,1,0,0,0,3,4,4,5,0,0,3.0,110.0,0.0,0.0,5.0,35.666666666666664,9.0,15.5,0.0,0.0,87.0,163.5,87.0,163.5,0.0,0.0,0,0,0.0,0.0,9.0,9.0,0.0,0.0,0.0,0.0,10.0,74.83333333333333,61,6.43,3.0,12.0,2.43,6198.0,6198.0,6198.0,0.0,13069.3,6026.7,0.0,0.0,450.0,7.3,5558.0,89.7,4176.0,67.4,2022.0,32.6,0.0,0.0,920.0,14.8,300.0,4.8,4978.0,80.3,1814.6666666666667,0.0,95.5,3620.5,5646.666666666667,369.0,0.0,6,Interchange Station
AEC,PK10,PK,รฟม.,BTS Group (NBM),เมืองทองธานี,MRT เมืองทองธานี,1281.0,5,2,0,0,0,1,0,0,3,0,0,9,0,0,6.0,31.75,0.0,0.0,170.0,183.33333333333337,7.0,50.333333333333336,0.0,0.0,0.0,0.0,0.0,0.0,0.0,0.0,0,0,0.0,0.0,0.0,0.0,220.0,220.0,0.0,0.0,250.0,250.0,37,5.46,3.5,12.0,1.31,3120.0,2880.0,2880.0,240.0,5892.9,2782.7,0.0,0.0,2350.0,75.3,770.0,24.7,2620.0,84.0,500.0,16.0,0.0,0.0,240.0,7.7,2140.0,68.6,740.0,23.7,4917.333333333333,0.0,726.6666666666666,9297.0,21.0,117.33333333333331,5291.0,3,Destination Gateway
AEC,RN08,RW/RN,รฟท.,บ. รถไฟฟ้า ร.ฟ.ท.,ดอนเมือง,SRT ดอนเมือง,6600.0,3,4,0,0,1,0,0,0,5,6,2,5,0,0,5.0,26.0,0.0,0.0,30.0,86.66666666666667,10.0,56.0,0.0,0.0,17.0,88.33333333333333,81.0,82.0,0.0,0.0,0,0,0.0,0.0,10.0,10.0,0.0,0.0,0.0,0.0,10.0,132.5,62,4.95,3.0,12.0,1.24,5859.0,4241.0,4241.0,1618.0,7117.1,2781.2,0.0,0.0,0.0,0.0,5859.0,100.0,4531.0,77.3,1000.0,17.1,328.0,5.6,0.0,0.0,328.0,5.6,5311.0,90.6,23378.666666666668,0.0,948.3333333333334,7669.333333333333,3830.0,292.6666666666667,0.0,3,Intermodal Transportation Hub
AEC,RN06,RW/RN,รฟท.,บ. รถไฟฟ้า ร.ฟ.ท.,หลักสี่,SRT หลักสี่ และ MRT หลักสี่,3758.272727,8,6,2,0,0,0,0,0,4,2,2,5,0,0,5.0,73.0,0.0,0.0,10.0,188.75,5.0,33.5,0.0,0.0,24.0,46.0,10.0,39.0,0.0,0.0,0,0,5.0,5.0,0.0,0.0,0.0,0.0,0.0,0.0,2.0,59.75,87,5.66,1.5,12.0,1.81,9468.0,8648.0,8648.0,820.0,16971.2,8337.8,0.0,0.0,4030.0,42.6,5438.0,57.4,7578.0,80.0,1890.0,20.0,0.0,0.0,0.0,0.0,5364.0,56.7,4104.0,43.3,11000.8,0.0,2195.2,4657.0,887.2,73.6,0.0,5,Interchange Station
AEC,PK14,PK,รฟม.,BTS Group (NBM),หลักสี่,SRT หลักสี่ และ MRT หลักสี่,4525.0,8,6,2,0,0,0,0,0,4,2,2,5,0,0,5.0,73.0,0.0,0.0,10.0,188.75,5.0,33.5,0.0,0.0,24.0,46.0,10.0,39.0,0.0,0.0,0,0,5.0,5.0,0.0,0.0,0.0,0.0,0.0,0.0,2.0,59.75,87,5.66,1.5,12.0,1.81,9468.0,8648.0,8648.0,820.0,16971.2,8337.8,0.0,0.0,4030.0,42.6,5438.0,57.4,7578.0,80.0,1890.0,20.0,0.0,0.0,0.0,0.0,5364.0,56.7,4104.0,43.3,11000.8,0.0,2195.2,4657.0,887.2,73.6,0.0,5,Interchange Station
CUTI,A03,ARL,รฟท.,บ. รถไฟฟ้า ร.ฟ.ท.,บ้านทับช้าง,ARL บ้านทับช้าง,4367.789474,0,2,0,0,1,0,0,0,2,6,2,0,0,0,0.0,0.0,0.0,0.0,0.0,0.0,45.0,45.0,0.0,0.0,85.0,262.5,116.0,116.0,0.0,0.0,0,0,0.0,0.0,305.0,305.0,0.0,0.0,0.0,0.0,55.0,172.5,12,7.75,5.0,12.0,4.07,1270.0,657.0,657.0,613.0,3340.7,716.4,0.0,0.0,573.0,45.1,697.0,54.9,704.0,55.4,323.0,25.4,243.0,19.1,0.0,0.0,1048.0,82.5,222.0,17.5,6809.0,1.5,225.25,1612.0,202.25,0.0,0.0,4,Local Station
CUTI,A07,ARL,รฟท.,บ. รถไฟฟ้า ร.ฟ.ท.,ราชปรารภ,ARL ราชปรารภ,4550.684211,9,11,0,0,1,1,0,0,1,0,0,0,0,0,0.0,0.0,0.0,0.0,135.32672351169532,227.46805768750573,14.0,14.0,0.0,0.0,0.0,0.0,0.0,0.0,0.0,0.0,0,0,0.0,0.0,160.04497641591047,160.04497641591047,5.753580343405236,5.753580343405236,0.0,0.0,5.753580343405236,12.58505588654391,29,8.66,4.0,16.0,2.58,7286.9,3585.9,3585.9,3700.9,4509.4,3757.9,0.0,0.0,1514.3,20.8,5772.5,79.2,1327.7,18.2,3616.7,49.6,2342.5,32.1,987.6,13.6,1584.6,21.7,4714.7,64.7,3977.777777777778,0.0,72.33333333333333,3881.3333333333335,1038.2222222222222,1364.0,29321.666666666668,9,Local Station
CUTI,A05,ARL,รฟท.,บ. รถไฟฟ้า ร.ฟ.ท.,รามคำแหง,ARL รามคำแหง,7074.210526,8,12,1,1,0,0,0,0,0,2,0,1,0,0,25.24154442,25.24154442,0.0,0.0,120.0032327,120.0032327,0.0,0.0,530.0,530.0,199.9557588,199.9557588,0.0,0.0,0.0,0.0,0,0,130.0483989,130.0483989,0.0,0.0,0.0,0.0,0.0,0.0,49.96167056,49.96167056,65,5.52,2.1,10.0,1.76,10974.0,5486.0,5486.0,5488.0,7330.0,5114.6,112.0,1.0,8050.0,73.4,2812.0,25.6,693.0,6.3,7070.0,64.4,3211.0,29.3,2570.0,23.4,6915.0,63.0,1489.0,13.6,6811.0,0.0,831.0,4057.75,1645.0,170.5,0.0,4,Local Station
CUTI,A02,ARL,รฟท.,บ. รถไฟฟ้า ร.ฟ.ท.,ลาดกระบัง,ARL ลาดกระบัง,11388.57895,2,1,1,0,1,0,0,0,2,2,2,0,0,0,0.0,0.0,0.0,0.0,105.0,105.0,25.0,25.0,0.0,0.0,108.0,108.0,25.0,25.0,0.0,0.0,0,0,99.0,99.0,60.0,60.0,0.0,0.0,0.0,0.0,110.0,110.0,47,5.76,3.1,16.0,2.75,2579.0,2538.0,2538.0,41.0,6677.5,2029.9,69.0,2.7,475.0,18.4,2035.0,78.9,461.0,17.9,1046.0,40.6,1072.0,41.6,841.0,32.6,442.0,17.1,1296.0,50.3,7809.4,11.0,683.0,4541.2,2241.6,42.2,0.0,5,Local Station
CUTI,E01,BTS,กทม. (ผ่าน กรุงเทพธนาคม),BTSC (BTS Group),ชิดลม,BTS ชิดลม,27095.0,8,13,0,0,0,1,0,0,2,0,0,0,3,0,0.0,0.0,80.0,165.0,5.0,71.2802973025,90.0,90.0,0.0,0.0,0.0,0.0,0.0,0.0,0.0,0.0,0,0,0.0,0.0,0.0,0.0,170.0,170.0,0.0,0.0,25.48513275,95.06771086666669,36,7.43,4.0,13.0,3.09,10784.0,5372.0,5372.0,5412.0,5667.1,5102.2,0.0,0.0,4853.0,45.0,5931.0,55.0,1990.0,18.5,8794.0,81.5,0.0,0.0,0.0,0.0,4543.0,42.1,6241.0,57.9,3819.571428571429,0.0,2.2857142857142856,29334.285714285714,804.4285714285714,1601.142857142857,158558.2857142857,7,Local Station
CUTI,E17,BTS,กทม. (ผ่าน กรุงเทพธนาคม),BTSC (BTS Group),ช้างเอราวัณ,BTS ช้างเอราวัณ,5285.0,7,3,0,0,0,0,0,0,2,0,0,3,0,0,25.0,49.5,0.0,0.0,16.0,100.66666666666669,22.0,25.5,0.0,0.0,0.0,0.0,0.0,0.0,0.0,0.0,0,0,0.0,0.0,0.0,0.0,0.0,0.0,0.0,0.0,13.0,35.5,37,4.72,2.0,15.0,2.43,2653.0,2653.0,2653.0,0.0,2394.5,2308.4,0.0,0.0,0.0,0.0,2653.0,100.0,2653.0,100.0,0.0,0.0,0.0,0.0,0.0,0.0,0.0,0.0,2653.0,100.0,10513.0,0.0,981.3333333333334,6208.333333333333,752.6666666666666,0.0,0.0,3,Local Station
CUTI,E06,BTS,กทม. (ผ่าน กรุงเทพธนาคม),BTSC (BTS Group),ทองหล่อ,BTS ทองหล่อ,16109.0,8,11,0,0,0,0,0,0,0,0,0,4,2,0,8.0,10.0,8.0,9.0,10.0,27.5,0.0,0.0,0.0,0.0,0.0,0.0,0.0,0.0,0.0,0.0,0,0,0.0,0.0,0.0,0.0,0.0,0.0,0.0,0.0,30.0,50.66666666666666,18,5.69,4.0,14.0,2.39,4728.0,3447.0,3447.0,1281.0,3367.6,3146.6,136.0,2.9,511.0,10.8,4081.0,86.3,365.0,7.7,4123.0,87.2,240.0,5.1,246.0,5.2,1592.0,33.7,2890.0,61.1,11897.666666666666,0.0,236.5,14129.833333333334,1656.0,804.0,58156.666666666664,6,Local Station
CUTI,E03,BTS,กทม. (ผ่าน กรุงเทพธนาคม),BTSC (BTS Group),นานา,BTS นานา,13573.0,4,10,0,0,0,0,0,0,0,0,0,3,3,0,5.0,20.0,5.0,231.66666666666663,30.0,48.333333333333336,0.0,0.0,0.0,0.0,0.0,0.0,0.0,0.0,0.0,0.0,0,0,0.0,0.0,0.0,0.0,0.0,0.0,0.0,0.0,30.0,68.75,23,5.87,4.0,10.0,2.42,11962.0,5951.0,5951.0,6011.0,7243.8,5848.7,0.0,0.0,3887.0,32.5,8075.0,67.5,6297.0,52.6,5665.0,47.4,0.0,0.0,0.0,0.0,3613.0,30.2,8349.0,69.8,11173.833333333334,0.0,18.333333333333332,25853.833333333332,655.8333333333334,3564.8333333333335,27324.666666666668,6,Local Station
CUTI,E10,BTS,กทม. (ผ่าน กรุงเทพธนาคม),BTSC (BTS Group),บางจาก,BTS บางจาก,10182.0,7,5,1,1,0,0,0,0,0,0,0,6,0,0,3.0,43.8,0.0,0.0,30.0,35.0,0.0,0.0,0.0,0.0,0.0,0.0,0.0,0.0,0.0,0.0,0,0,0.0,0.0,0.0,0.0,0.0,0.0,0.0,0.0,54.0,64.66666666666667,46,5.14,3.0,15.0,1.96,2960.0,2480.0,2480.0,480.0,4687.2,2355.4,0.0,0.0,220.0,7.4,2740.0,92.6,2670.0,90.2,290.0,9.8,0.0,0.0,0.0,0.0,220.0,7.4,2740.0,92.6,23930.25,0.0,1766.5,20048.0,2396.25,219.5,0.0,4,Local Station
CUTI,E13,BTS,กทม. (ผ่าน กรุงเทพธนาคม),BTSC (BTS Group),บางนา,BTS บางนา,10410.0,3,5,0,0,0,0,0,0,0,0,0,4,0,0,13.0,35.25,0.0,0.0,24.0,24.0,0.0,0.0,0.0,0.0,0.0,0.0,0.0,0.0,0.0,0.0,0,0,0.0,0.0,0.0,0.0,0.0,0.0,0.0,0.0,11.0,29.0,13,6.73,3.5,15.0,2.05,1570.0,1570.0,1570.0,0.0,1570.4,1570.4,0.0,0.0,110.0,7.0,1460.0,93.0,0.0,0.0,760.0,48.4,810.0,51.6,0.0,0.0,0.0,0.0,1570.0,100.0,12245.5,0.0,1345.5,8289.0,1761.5,34.25,0.0,4,Destination Gateway
CUTI,E19,BTS,กทม. (ผ่าน กรุงเทพธนาคม),BTSC (BTS Group),ปากน้ำ,BTS ปากน้ำ,3020.0,6,5,0,0,0,0,0,0,0,0,0,2,0,0,2.0,29.0,0.0,0.0,2.0,131.33333333333334,0.0,0.0,0.0,0.0,0.0,0.0,0.0,0.0,0.0,0.0,0,0,0.0,0.0,0.0,0.0,0.0,0.0,0.0,0.0,5.0,7.5,29,6.67,3.0,10.5,1.58,4180.0,3180.0,3180.0,1000.0,5193.8,3181.8,0.0,0.0,430.0,10.3,3750.0,89.7,2010.0,48.1,1720.0,41.1,450.0,10.8,260.0,6.2,600.0,14.4,3320.0,79.4,11810.333333333334,0.0,0.0,7670.0,3309.6666666666665,31.333333333333332,0.0,3,Local Station
CUTI,E11,BTS,กทม. (ผ่าน กรุงเทพธนาคม),BTSC (BTS Group),ปุณณวิถี,BTS ปุณณวิถี,12371.0,11,7,2,0,0,0,0,0,0,0,0,4,2,0,10.0,26.5,5.0,5.0,22.0,74.25,0.0,0.0,0.0,0.0,0.0,0.0,0.0,0.0,0.0,0.0,0,0,160.0,160.0,0.0,0.0,0.0,0.0,0.0,0.0,25.0,67.5,56,5.05,3.5,12.0,1.38,4916.0,3458.0,3458.0,1458.0,6557.5,3634.4,0.0,0.0,1000.0,20.3,3916.0,79.7,816.0,16.6,4100.0,83.4,0.0,0.0,0.0,0.0,1000.0,20.3,3916.0,79.7,18804.0,0.0,1503.8,12688.2,1387.8,134.4,0.0,5,Local Station
CUTI,E16,BTS,กทม. (ผ่าน กรุงเทพธนาคม),BTSC (BTS Group),ปู่เจ้าสมิงพราย,BTS ปู่เจ้าสมิงพราย,4398.0,8,6,0,0,0,0,0,0,2,0,0,4,0,0,20.0,22.5,0.0,0.0,27.0,44.0,10.0,28.5,0.0,0.0,0.0,0.0,0.0,0.0,0.0,0.0,0,0,0.0,0.0,0.0,0.0,0.0,0.0,0.0,0.0,16.0,20.0,28,4.75,3.0,14.0,1.85,2900.0,2450.0,2450.0,450.0,3929.0,2457.3,0.0,0.0,0.0,0.0,2900.0,100.0,900.0,31.0,2000.0,69.0,0.0,0.0,0.0,0.0,0.0,0.0,2900.0,100.0,11702.0,0.0,11956.0,7267.666666666667,831.6666666666666,22.0,12666.666666666666,3,Local Station
CUTI,E08,BTS,กทม. (ผ่าน กรุงเทพธนาคม),BTSC (BTS Group),พระโขนง,BTS พระโขนง,12489.0,8,6,0,0,0,0,0,0,0,0,0,2,1,0,15.0,15.0,100.0,100.0,10.0,13.5,0.0,0.0,0.0,0.0,0.0,0.0,0.0,0.0,0.0,0.0,0,0,0.0,0.0,0.0,0.0,0.0,0.0,0.0,0.0,45.0,52.5,21,6.74,4.0,11.0,3.49,4218.0,3793.0,3793.0,425.0,4053.9,3580.3,0.0,0.0,0.0,0.0,4218.0,100.0,0.0,0.0,3368.0,79.8,850.0,20.2,0.0,0.0,1282.0,30.4,2936.0,69.6,6988.4,0.0,717.4,14749.6,7452.8,463.6,18600.0,5,Local Station
CUTI,E05,BTS,กทม. (ผ่าน กรุงเทพธนาคม),BTSC (BTS Group),พร้อมพงษ์,BTS พร้อมพงษ์,32485.0,7,6,0,0,0,0,0,0,2,0,0,6,0,0,4.103138284,24.8550237648,0.0,0.0,11.17497744,29.92018853333333,52.60914723,74.229953435,0.0,0.0,0.0,0.0,0.0,0.0,0.0,0.0,0,0,0.0,0.0,0.0,0.0,0.0,0.0,0.0,0.0,15.24916232,93.30589142666666,25,5.1,4.0,10.0,1.92,5384.0,3655.0,3655.0,1729.0,4407.8,3589.7,0.0,0.0,0.0,0.0,5384.0,100.0,0.0,0.0,4784.0,88.9,600.0,11.1,0.0,0.0,2262.0,42.0,3122.0,58.0,10243.8,0.0,91.4,16053.2,1483.0,2717.6,133000.0,5,Local Station
CUTI,N01,BTS,กทม. (ผ่าน กรุงเทพธนาคม),BTSC (BTS Group),ราชเทวี,BTS ราชเทวี,10730.0,6,5,0,0,2,1,0,0,6,0,0,0,0,0,0.0,0.0,0.0,0.0,20.0,25.0,30.0,30.0,0.0,0.0,0.0,0.0,0.0,0.0,0.0,0.0,0,0,0.0,0.0,20.46444802,20.46444802,100.0,100.0,0.0,0.0,20.46444802,125.23222401,17,8.0,4.0,20.0,2.96,6542.0,3913.0,3913.0,2629.0,4749.6,4088.2,0.0,0.0,2244.0,34.3,4298.0,65.7,1352.0,20.7,3639.0,55.6,1551.0,23.7,484.0,7.4,2479.0,37.9,3579.0,54.7,5866.285714285715,0.0,271.57142857142856,9758.285714285714,626.0,1050.571428571429,118800.14285714286,7,Local Station
CUTI,E20,BTS,กทม. (ผ่าน กรุงเทพธนาคม),BTSC (BTS Group),ศรีนครินทร์,BTS ศรีนครินทร์,3068.0,6,11,0,0,0,0,0,0,0,0,0,4,0,0,42.0,44.0,0.0,0.0,8.0,69.0,0.0,0.0,0.0,0.0,0.0,0.0,0.0,0.0,0.0,0.0,0,0,0.0,0.0,0.0,0.0,0.0,0.0,0.0,0.0,6.0,8.666666666666666,36,6.94,3.0,15.0,1.81,4153.0,3993.0,3993.0,160.0,7095.9,4306.5,0.0,0.0,830.0,20.0,3323.0,80.0,77.0,1.9,3376.0,81.3,700.0,16.9,420.0,10.1,640.0,15.4,3093.0,74.5,14918.2,4.2,746.8,6777.8,2728.2,30.6,6344.0,5,Local Station
CUTI,W01,BTS,กทม. (ผ่าน กรุงเทพธนาคม),BTSC (BTS Group),สนามกีฬาแห่งชาติ,BTS สนามกีฬาแห่งชาติ,14103.0,6,4,0,0,0,4,0,0,4,0,0,2,4,0,17.29308408,17.29308408,21.54362012,21.54362012,33.46735196,43.838992045,2.66157673,87.55889333,0.0,0.0,0.0,0.0,0.0,0.0,0.0,0.0,0,0,0.0,0.0,0.0,0.0,2.66157673,59.43129039666667,0.0,0.0,17.96385566,211.82742673,26,7.94,4.0,20.0,2.92,11559.0,5780.0,5780.0,5779.0,5820.1,5656.6,0.0,0.0,4291.0,37.1,7268.0,62.9,4859.0,42.0,6468.0,56.0,232.0,2.0,0.0,0.0,4033.0,34.9,7526.0,65.1,3765.5,0.0,110.75,11079.25,5936.0,786.125,142825.125,8,Local Station
CUTI,CEN,BTS,กทม. (ผ่าน กรุงเทพธนาคม),BTSC (BTS Group),สยาม,BTS สยาม,49819.0,6,8,0,0,1,2,0,0,0,0,0,0,3,0,0.0,0.0,3.0,24.5,2.0,61.0,0.0,0.0,0.0,0.0,0.0,0.0,0.0,0.0,0.0,0.0,0,0,0.0,0.0,64.0,64.0,3.0,3.0,0.0,0.0,5.0,13.75,22,7.73,3.0,12.0,2.55,4472.0,4472.0,4472.0,0.0,4804.8,4480.9,0.0,0.0,0.0,0.0,4472.0,100.0,3522.0,78.8,950.0,21.2,0.0,0.0,0.0,0.0,1221.0,27.3,3251.0,72.7,3765.5,0.0,110.75,11079.25,5936.0,786.125,142825.125,8,Major Hub
CUTI,N07,BTS,กทม. (ผ่าน กรุงเทพธนาคม),BTSC (BTS Group),สะพานควาย,BTS สะพานควาย,8091.0,8,9,0,0,0,0,0,0,1,0,0,1,1,0,35.0,35.0,300.0,300.0,10.0,35.5,58.0,58.0,0.0,0.0,0.0,0.0,0.0,0.0,0.0,0.0,0,0,0.0,0.0,0.0,0.0,0.0,0.0,0.0,0.0,25.0,160.66666666666666,30,6.68,4.0,13.0,3.83,3464.0,3222.0,3222.0,242.0,3999.9,3277.3,0.0,0.0,101.0,2.9,3363.0,97.1,2070.0,59.8,1171.0,33.8,223.0,6.4,0.0,0.0,728.0,21.0,2736.0,79.0,6427.0,0.0,80.6,10592.0,534.8,370.4,6929.4,5,Local Station
CUTI,E22,BTS,กทม. (ผ่าน กรุงเทพธนาคม),BTSC (BTS Group),สายลวด,BTS สายลวด,1597.0,2,9,0,0,0,0,0,0,1,0,0,4,0,0,20.0,24.5,0.0,0.0,0.0,0.0,5.0,5.0,0.0,0.0,0.0,0.0,0.0,0.0,0.0,0.0,0,0,0.0,0.0,0.0,0.0,0.0,0.0,0.0,0.0,51.0,57.5,57,5.72,4.0,12.0,1.58,2006.0,2006.0,2006.0,0.0,8558.3,1887.6,93.0,4.6,220.0,11.0,1693.0,84.4,913.0,45.5,1093.0,54.5,0.0,0.0,0.0,0.0,693.0,34.5,1313.0,65.5,10784.5,0.25,890.5,6868.75,2045.0,25.75,22930.0,4,Local Station
CUTI,E12,BTS,กทม. (ผ่าน กรุงเทพธนาคม),BTSC (BTS Group),อุดมสุข,BTS อุดมสุข,19960.0,9,12,2,1,1,0,0,1,0,0,0,5,0,0,14.0,47.75,0.0,0.0,5.0,29.33333333333333,0.0,0.0,0.0,0.0,0.0,0.0,0.0,0.0,0.0,0.0,0,0,0.0,0.0,4.0,4.0,0.0,0.0,0.0,0.0,7.0,27.5,42,4.67,3.0,12.0,2.7,3464.0,2847.0,2847.0,617.0,3966.3,2742.4,0.0,0.0,0.0,0.0,3464.0,100.0,884.0,25.5,2580.0,74.5,0.0,0.0,0.0,0.0,0.0,0.0,3464.0,100.0,13364.0,0.0,1577.5,14025.75,645.75,225.0,0.0,4,Local Station
CUTI,E09,BTS,กทม. (ผ่าน กรุงเทพธนาคม),BTSC (BTS Group),อ่อนนุช,BTS อ่อนนุช,27015.0,6,7,1,0,2,0,0,0,1,0,0,3,0,0,65.0,65.0,0.0,0.0,5.0,17.5,30.0,30.0,0.0,0.0,0.0,0.0,0.0,0.0,0.0,0.0,0,0,0.0,0.0,30.0,52.5,0.0,0.0,0.0,0.0,20.0,61.66666666666666,43,5.21,2.0,12.0,1.89,4756.0,3806.0,3806.0,950.0,5288.2,3663.0,0.0,0.0,2096.0,44.1,2660.0,55.9,4286.0,90.1,470.0,9.9,0.0,0.0,740.0,15.6,1960.0,41.2,2056.0,43.2,15861.8,0.0,1494.4,13938.2,1945.0,306.4,12378.8,5,Local Station
CUTI,E23,BTS,กทม. (ผ่าน กรุงเทพธนาคม),BTSC (BTS Group),เคหะสมุทรปราการ,BTS เคหะสมุทรปราการ,5940.0,0,9,1,0,1,0,0,0,1,1,1,4,0,0,5.0,45.333333333333336,0.0,0.0,0.0,0.0,31.0,31.0,0.0,0.0,79.0,79.0,79.0,79.0,0.0,0.0,0,0,61.0,61.0,16.0,16.0,0.0,0.0,0.0,0.0,120.0,306.6666666666667,34,4.88,3.0,15.0,1.62,2800.0,2400.0,2400.0,400.0,3943.9,2418.8,0.0,0.0,0.0,0.0,2800.0,100.0,0.0,0.0,2400.0,85.7,400.0,14.3,0.0,0.0,0.0,0.0,2800.0,100.0,14930.333333333334,11.0,148.66666666666666,9051.0,1897.6666666666667,0.0,0.0,3,Local Station
CUTI,E02,BTS,กทม. (ผ่าน กรุงเทพธนาคม),BTSC (BTS Group),เพลินจิต,BTS เพลินจิต,21327.0,7,9,0,0,0,0,0,0,1,0,0,0,3,0,0.0,0.0,40.0,150.0,30.0,66.66666666666667,15.0,15.0,0.0,0.0,0.0,0.0,0.0,0.0,0.0,0.0,0,0,0.0,0.0,0.0,0.0,0.0,0.0,0.0,0.0,20.0,48.75,28,6.61,4.0,10.0,2.63,11688.0,6073.0,6073.0,5615.0,5812.1,5495.6,0.0,0.0,4140.0,35.4,7548.0,64.6,4895.0,41.9,6793.0,58.1,0.0,0.0,367.0,3.1,4760.0,40.7,6561.0,56.1,8516.166666666666,0.0,14.666666666666666,29139.0,199.66666666666663,2820.5,46651.333333333336,6,Local Station
CUTI,E07,BTS,กทม. (ผ่าน กรุงเทพธนาคม),BTSC (BTS Group),เอกมัย,BTS เอกมัย,15397.0,7,6,0,0,0,0,0,0,3,1,0,4,2,0,7.0,18.5,7.0,18.5,115.0,140.0,103.0,124.0,0.0,0.0,68.0,68.0,0.0,0.0,0.0,0.0,0,0,0.0,0.0,0.0,0.0,0.0,0.0,0.0,0.0,10.0,36.66666666666666,15,5.0,4.0,8.0,2.73,3162.0,2653.0,2653.0,509.0,3206.8,3206.8,0.0,0.0,400.0,12.7,2762.0,87.3,0.0,0.0,3162.0,100.0,0.0,0.0,0.0,0.0,2296.0,72.6,866.0,27.4,8891.0,0.0,330.25,14049.5,2309.5,533.0,29235.0,4,Local Station
CUTI,E14,BTS,กทม. (ผ่าน กรุงเทพธนาคม),BTSC (BTS Group),แบริ่ง,BTS แบริ่ง,15054.0,7,12,1,0,0,0,0,0,0,0,0,5,0,0,3.0,31.75,0.0,0.0,37.0,38.0,0.0,0.0,0.0,0.0,0.0,0.0,0.0,0.0,0.0,0.0,0,0,240.0,240.0,0.0,0.0,0.0,0.0,0.0,0.0,10.0,53.0,29,5.44,4.0,11.0,1.91,4537.0,3460.0,3460.0,1077.0,7133.2,3491.5,0.0,0.0,0.0,0.0,4537.0,100.0,4537.0,100.0,0.0,0.0,0.0,0.0,0.0,0.0,0.0,0.0,4537.0,100.0,14225.0,0.0,1023.0,8663.5,1220.25,137.5,65000.0,4,Local Station
CUTI,E21,BTS,กทม. (ผ่าน กรุงเทพธนาคม),BTSC (BTS Group),แพรกษา,BTS แพรกษา,6068.0,7,10,4,0,3,0,0,0,2,0,0,5,0,0,10.0,35.0,0.0,0.0,10.0,27.5,42.0,44.0,0.0,0.0,0.0,0.0,0.0,0.0,0.0,0.0,0,0,17.0,17.5,33.0,44.0,0.0,0.0,0.0,0.0,19.0,30.0,49,5.63,4.0,12.0,1.77,2800.0,2800.0,2800.0,0.0,8483.3,2804.2,0.0,0.0,0.0,0.0,2800.0,100.0,800.0,28.6,2000.0,71.4,0.0,0.0,0.0,0.0,800.0,28.6,2000.0,71.4,12795.0,1.25,1423.75,8800.0,1323.25,25.75,22930.0,4,Local Station
CUTI,E18,BTS,กทม. (ผ่าน กรุงเทพธนาคม),BTSC (BTS Group),โรงเรียนนายเรือ,BTS โรงเรียนนายเรือ,2266.0,4,3,0,0,0,0,0,0,1,0,0,3,0,0,23.0,23.5,0.0,0.0,160.0,190.0,23.0,23.0,0.0,0.0,0.0,0.0,0.0,0.0,0.0,0.0,0,0,0.0,0.0,0.0,0.0,0.0,0.0,0.0,0.0,25.0,25.0,29,4.26,2.5,12.0,2.2,2000.0,2000.0,2000.0,0.0,2175.6,1952.8,0.0,0.0,1000.0,50.0,1000.0,50.0,2000.0,100.0,0.0,0.0,0.0,0.0,0.0,0.0,0.0,0.0,2000.0,100.0,9881.0,0.0,417.0,3769.25,1169.25,12.5,0.0,4,Local Station
CUTI,G3,GL,กทม. (ผ่าน กรุงเทพธนาคม),BTSC (BTS Group),คลองสาน,BTS คลองสาน,444.1818182,14,5,0,0,0,1,0,0,1,0,0,1,3,0,0.0,0.0,69.0,69.0,17.0,37.5,33.0,33.0,0.0,0.0,0.0,0.0,0.0,0.0,0.0,0.0,0,0,0.0,0.0,0.0,0.0,228.0,228.0,0.0,0.0,32.0,32.0,30,7.27,4.0,9.0,3.31,6026.0,4285.0,4285.0,1741.0,4153.0,3996.2,0.0,0.0,636.0,10.6,5390.0,89.4,2919.0,48.4,3107.0,51.6,0.0,0.0,0.0,0.0,3259.0,54.1,2767.0,45.9,6171.8,0.0,295.6,5576.2,1243.4,182.0,150000.0,5,Local Station
CUTI,S03,BTS,กทม. (ผ่าน กรุงเทพธนาคม),BTSC (BTS Group),ช่องนนทรี,BTS ช่องนนทรี,21479.0,11,12,0,0,0,1,0,0,3,0,0,4,6,0,4.0,10.666666666666666,53.0,53.0,49.0,52.5,6.0,33.333333333333336,0.0,0.0,0.0,0.0,0.0,0.0,0.0,0.0,0,0,0.0,0.0,0.0,0.0,485.0,485.0,0.0,0.0,22.0,46.333333333333336,42,8.37,4.0,12.0,3.48,7645.0,6328.0,6328.0,1317.0,7108.6,6656.6,0.0,0.0,1879.0,24.6,5766.0,75.4,2149.0,28.1,5113.0,66.9,383.0,5.0,0.0,0.0,1968.0,25.7,5677.0,74.3,5456.0,0.0,376.7142857142857,29501.0,1596.428571428571,717.4285714285714,14285.714285714286,7,Local Station
CUTI,S10,BTS,กทม. (ผ่าน กรุงเทพธนาคม),BTSC (BTS Group),ตลาดพลู,BTS ตลาดพลู,7403.0,5,11,0,0,0,0,0,0,1,0,1,4,0,0,20.0,60.0,0.0,0.0,155.0,211.0,10.0,10.0,0.0,0.0,0.0,0.0,0.0,0.0,0.0,0.0,0,0,0.0,0.0,0.0,0.0,0.0,0.0,0.0,0.0,30.0,111.66666666666669,31,5.24,3.0,12.0,2.73,4265.0,3218.0,3218.0,1047.0,4815.5,3508.1,0.0,0.0,371.0,8.7,3894.0,91.3,1885.0,44.2,1630.0,38.2,750.0,17.6,0.0,0.0,141.0,3.3,4124.0,96.7,7637.777777777777,0.0,541.4444444444445,2825.4444444444443,874.6666666666666,7.222222222222222,16666.666666666668,9,Local Station
CUTI,S01,BTS,กทม. (ผ่าน กรุงเทพธนาคม),BTSC (BTS Group),ราชดำริ,BTS ราชดำริ,3531.0,7,6,0,0,0,1,0,0,1,0,0,0,3,0,0.0,0.0,60.0,255.0,37.0,39.5,87.0,87.0,0.0,0.0,0.0,0.0,0.0,0.0,0.0,0.0,0,0,0.0,0.0,0.0,0.0,458.0,458.0,0.0,0.0,52.0,94.5,22,8.8,6.0,13.0,3.53,4818.0,3870.0,3870.0,948.0,4275.7,3989.9,0.0,0.0,140.0,2.9,4678.0,97.1,1561.0,32.4,1512.0,31.4,1745.0,36.2,0.0,0.0,131.0,2.7,4687.0,97.3,2394.4,0.0,0.0,22895.2,9283.2,984.2,0.0,5,Local Station
CUTI,S08,BTS,กทม. (ผ่าน กรุงเทพธนาคม),BTSC (BTS Group),วงเวียนใหญ่,BTS วงเวียนใหญ่,8824.0,11,14,0,0,3,1,0,0,0,0,0,11,0,0,7.0,9.25,0.0,0.0,40.0,101.5,0.0,0.0,0.0,0.0,0.0,0.0,0.0,0.0,0.0,0.0,0,0,0.0,0.0,5.0,37.5,0.0,0.0,0.0,0.0,30.0,68.25,34,6.67,2.5,12.0,2.94,3144.0,2581.0,2581.0,563.0,4068.3,2773.2,0.0,0.0,134.0,4.3,1125.0,35.8,338.0,10.8,201.0,6.4,720.0,22.9,0.0,0.0,1006.0,32.0,253.0,8.0,6661.111111111111,0.0,711.1111111111111,3806.555555555556,693.2222222222222,56.77777777777778,0.0,9,Local Station
CUTI,S11,BTS,กทม. (ผ่าน กรุงเทพธนาคม),BTSC (BTS Group),วุฒากาศ,BTS วุฒากาศ,8848.0,6,5,0,0,1,0,0,0,0,0,0,3,0,0,10.0,32.0,0.0,0.0,171.0,171.0,0.0,0.0,0.0,0.0,0.0,0.0,0.0,0.0,0.0,0.0,0,0,0.0,0.0,57.0,57.0,0.0,0.0,0.0,0.0,10.0,30.5,38,4.95,3.0,15.0,2.84,3956.0,2499.0,2499.0,1457.0,3003.7,2716.7,0.0,0.0,1150.0,29.1,2806.0,70.9,682.0,17.2,1344.0,34.0,1930.0,48.8,0.0,0.0,1438.0,36.3,2378.0,60.1,8319.5,1.0,389.0,2805.8333333333335,1378.1666666666667,10.833333333333334,0.0,6,Local Station
CUTI,N04,BTS,กทม. (ผ่าน กรุงเทพธนาคม),BTSC (BTS Group),สนามเป้า,BTS สนามเป้า,4974.0,7,2,0,0,0,0,0,0,1,0,0,2,0,0,10.0,60.0,0.0,0.0,10.0,25.0,34.0,34.0,0.0,0.0,0.0,0.0,0.0,0.0,0.0,0.0,0,0,0.0,0.0,0.0,0.0,0.0,0.0,0.0,0.0,110.0,110.0,19,6.95,4.0,16.0,3.15,3729.0,2948.0,2948.0,781.0,2935.2,2703.9,0.0,0.0,0.0,0.0,3729.0,100.0,2409.0,64.6,989.0,26.5,331.0,8.9,0.0,0.0,296.0,7.9,3433.0,92.1,7058.8,0.0,184.4,12074.0,371.2,78.8,0.0,5,Local Station
CUTI,S05,BTS,กทม. (ผ่าน กรุงเทพธนาคม),BTSC (BTS Group),สุรศักดิ์,BTS สุรศักดิ์,10021.0,6,6,0,0,0,0,0,0,2,0,0,1,2,0,10.0,10.0,40.0,67.0,44.0,62.5,23.0,36.0,0.0,0.0,0.0,0.0,0.0,0.0,0.0,0.0,0,0,0.0,0.0,0.0,0.0,0.0,0.0,0.0,0.0,6.0,12.5,37,6.97,3.0,11.0,2.52,9237.0,6194.0,6194.0,3043.0,7404.1,6317.3,0.0,0.0,1469.0,15.9,7768.0,84.1,4341.0,47.0,4564.0,49.4,332.0,3.6,0.0,0.0,2708.0,29.3,6529.0,70.7,3903.428571428571,0.0,532.4285714285714,22058.85714285714,5239.571428571428,580.1428571428571,0.0,7,Local Station
CUTI,N05,BTS,กทม. (ผ่าน กรุงเทพธนาคม),BTSC (BTS Group),อารีย์,BTS อารีย์,15947.0,5,5,0,0,0,0,0,0,2,0,0,4,2,0,4.0,30.33333333333333,24.0,37.0,24.0,42.0,5.0,31.0,0.0,0.0,0.0,0.0,0.0,0.0,0.0,0.0,0,0,0.0,0.0,0.0,0.0,0.0,0.0,0.0,0.0,53.0,53.5,23,6.13,4.0,7.5,2.66,6354.0,4160.0,4160.0,2194.0,4778.8,4241.8,0.0,0.0,0.0,0.0,6354.0,100.0,2604.0,41.0,2961.0,46.6,789.0,12.4,0.0,0.0,143.0,2.3,6211.0,97.7,7075.714285714285,0.0,133.71428571428572,11829.142857142857,282.42857142857144,103.14285714285714,0.0,7,Local Station
CUTI,G2,GL,กทม. (ผ่าน กรุงเทพธนาคม),BTSC (BTS Group),เจริญนคร,BTS เจริญนคร,4314.954545,9,3,0,0,0,0,0,0,2,0,0,2,5,0,36.0,168.0,311.0,330.5,90.0,145.0,469.0,469.0,0.0,0.0,0.0,0.0,0.0,0.0,0.0,0.0,0,0,0.0,0.0,0.0,0.0,0.0,0.0,0.0,0.0,180.0,201.5,36,6.92,4.0,9.0,3.41,7129.0,3512.0,3512.0,3617.0,4343.7,3262.6,0.0,0.0,3260.0,45.7,3869.0,54.3,3154.0,44.2,3975.0,55.8,0.0,0.0,0.0,0.0,4334.0,60.8,2795.0,39.2,6171.8,0.0,295.6,5576.2,1243.4,182.0,150000.0,5,Local Station
CUTI,S04,BTS,กทม. (ผ่าน กรุงเทพธนาคม),BTSC (BTS Group),เซนต์หลุยส์,BTS เซนต์หลุยส์,7972.0,6,8,0,0,0,1,0,0,0,0,0,5,4,0,15.0,16.0,214.0,259.5,1.0,86.0,0.0,0.0,0.0,0.0,0.0,0.0,0.0,0.0,0.0,0.0,0,0,0.0,0.0,0.0,0.0,14.0,14.0,0.0,0.0,14.0,39.66666666666666,28,9.43,4.0,12.0,3.13,11534.0,5743.0,5743.0,5791.0,5792.8,5792.8,0.0,0.0,5188.0,45.0,6346.0,55.0,2328.0,20.2,9062.0,78.6,144.0,1.2,0.0,0.0,5277.0,45.8,6257.0,54.2,5456.0,0.0,376.7142857142857,29501.0,1596.428571428571,717.4285714285714,14285.714285714286,7,Local Station
CUTI,S09,BTS,กทม. (ผ่าน กรุงเทพธนาคม),BTSC (BTS Group),โพธิ์นิมิตร,BTS โพธิ์นิมิตร,2602.0,1,6,0,0,0,0,0,0,3,0,0,4,0,0,13.0,18.666666666666668,0.0,0.0,263.0,263.0,39.0,72.0,0.0,0.0,0.0,0.0,0.0,0.0,0.0,0.0,0,0,0.0,0.0,0.0,0.0,0.0,0.0,0.0,0.0,31.0,200.0,24,4.73,2.5,6.5,2.52,1950.0,1907.0,1907.0,43.0,3636.5,1804.7,0.0,0.0,890.0,45.6,1060.0,54.4,86.0,4.4,1864.0,95.6,0.0,0.0,0.0,0.0,1785.0,91.5,165.0,8.5,7810.857142857143,0.0,748.2857142857143,2912.5714285714284,1002.8571428571428,46.142857142857146,0.0,7,Local Station
CUTI,YL12,YL,รฟม.,BTS Group (EBM),กลันตัน,MRT กลันตัน,657.0,8,2,0,0,2,0,0,0,0,0,0,4,0,0,5.0,7.5,0.0,0.0,5.0,7.5,0.0,0.0,0.0,0.0,0.0,0.0,0.0,0.0,0.0,0.0,0,0,0.0,0.0,76.0,76.0,0.0,0.0,0.0,0.0,6.0,6.0,11,6.23,3.5,12.0,2.7,1900.0,1900.0,1900.0,0.0,2771.7,1884.7,0.0,0.0,0.0,0.0,1900.0,100.0,950.0,50.0,950.0,50.0,0.0,0.0,0.0,0.0,0.0,0.0,1900.0,100.0,3685.75,1.0,319.5,3818.75,1391.5,0.75,0.0,4,Local Station
CUTI,BL12,BL,รฟม.,BEM,กำแพงเพชร,MRT กำแพงเพชร,3579.0,9,12,0,0,1,2,0,0,3,0,0,1,0,0,0.0,0.0,0.0,0.0,35.0,118.33333333333331,130.0,130.0,0.0,0.0,0.0,0.0,0.0,0.0,0.0,0.0,0,0,0.0,0.0,700.0,700.0,100.0,400.0,0.0,0.0,10.0,18.33333333333333,28,7.88,4.0,12.0,3.87,4179.0,4179.0,4179.0,0.0,4305.5,4238.3,0.0,0.0,101.0,2.4,4078.0,97.6,3573.0,85.5,363.0,8.7,243.0,5.8,0.0,0.0,61.0,1.5,4118.0,98.5,5684.0,0.0,74.0,9126.666666666666,445.6666666666667,308.6666666666667,5774.5,6,Local Station
CUTI,BL24,BL,รฟม.,BEM,คลองเตย,MRT คลองเตย,3064.0,2,6,0,0,0,0,0,0,3,1,1,2,1,0,27.0,31.0,17.0,17.0,115.0,165.0,13.0,24.0,0.0,0.0,35.0,35.0,27.0,27.0,0.0,0.0,0,0,0.0,0.0,0.0,0.0,0.0,0.0,0.0,0.0,10.0,13.0,28,7.98,4.0,18.0,3.62,1994.0,1994.0,1994.0,0.0,3054.6,2147.8,0.0,0.0,155.0,7.8,1839.0,92.2,1081.0,54.2,795.0,39.9,118.0,5.9,0.0,0.0,75.0,3.8,1919.0,96.2,2137.3333333333335,0.0,470.3333333333333,3246.6666666666665,654.6666666666666,126.16666666666669,30000.0,6,Local Station
CUTI,BL02,BL,รฟม.,BEM,จรัญฯ13,MRT จรัญฯ13,2973.0,4,4,0,0,0,0,0,0,1,0,0,4,0,0,10.32702314,19.52284806,0.0,0.0,7.654517157,9.5661346385,253.7903209,253.7903209,0.0,0.0,0.0,0.0,0.0,0.0,0.0,0.0,0,0,0.0,0.0,0.0,0.0,0.0,0.0,0.0,0.0,10.0,25.97549165,8,5.75,4.0,7.5,1.94,4862.0,2389.0,2389.0,2473.0,2439.2,2439.2,0.0,0.0,2055.0,42.3,2807.0,57.7,0.0,0.0,3960.0,81.4,902.0,18.6,0.0,0.0,2022.0,41.6,2840.0,58.4,10665.75,0.0,351.0,1637.5,2455.5,49.0,0.0,4,Local Station
CUTI,PK10,PK,รฟม.,BTS Group (NBM),ทะเลสาบเมืองทองธานี,MRT ทะเลสาบเมืองทองธานี,1281.0,0,0,0,0,0,0,0,0,2,0,0,3,0,0,9.0,27.33333333333333,0.0,0.0,0.0,0.0,21.0,23.0,0.0,0.0,0.0,0.0,0.0,0.0,0.0,0.0,0,0,0.0,0.0,0.0,0.0,0.0,0.0,0.0,0.0,0.0,0.0,22,8.0,6.0,12.0,1.38,1710.0,1410.0,1410.0,300.0,5645.9,1411.2,0.0,0.0,300.0,17.5,1110.0,64.9,1410.0,82.5,0.0,0.0,0.0,0.0,0.0,0.0,300.0,17.5,1110.0,64.9,12786.4,0.0,122.8,15503.6,8860.8,316.6,28000.0,5,Destination Gateway
CUTI,YL22,YL,รฟม.,BTS Group (EBM),ทิพวัล,MRT ทิพวัล,1179.0,8,9,0,0,0,0,0,0,3,0,0,4,0,0,5.0,32.0,0.0,0.0,59.0,174.75,16.0,26.0,0.0,0.0,0.0,0.0,0.0,0.0,0.0,0.0,0,0,0.0,0.0,0.0,0.0,0.0,0.0,0.0,0.0,5.0,12.5,52,4.02,3.0,9.0,1.88,2900.0,2450.0,2450.0,450.0,4006.1,2469.1,0.0,0.0,2450.0,84.5,450.0,15.5,900.0,31.0,2000.0,69.0,0.0,0.0,900.0,31.0,2000.0,69.0,0.0,0.0,9068.25,0.0,5872.5,3757.0,1917.25,0.0,0.0,4,Local Station
CUTI,YL08,YL,รฟม.,BTS Group (EBM),บางกะปิ,MRT บางกะปิ,3820.0,12,9,2,0,1,0,0,2,0,0,1,3,0,0,5.0,80.0,0.0,0.0,10.0,33.25,0.0,0.0,0.0,0.0,0.0,0.0,5.0,5.0,0.0,0.0,0,0,200.0,200.0,200.0,200.0,0.0,0.0,0.0,0.0,3.0,144.33333333333334,45,5.43,3.5,12.0,1.49,2050.0,2050.0,2050.0,0.0,6218.3,2053.8,0.0,0.0,110.0,5.4,1940.0,94.6,1530.0,74.6,520.0,25.4,0.0,0.0,0.0,0.0,1060.0,51.7,990.0,48.3,18139.5,0.0,168.25,14429.75,950.5,262.5,108926.5,4,Local Station
CUTI,BL04,BL,รฟม.,BEM,บางขุนนนท์,MRT บางขุนนนท์,4985.0,6,5,0,0,0,0,0,0,1,0,0,5,0,0,10.0,27.75,0.0,0.0,40.0,75.0,170.0,170.0,0.0,0.0,0.0,0.0,0.0,0.0,0.0,0.0,0,0,0.0,0.0,0.0,0.0,0.0,0.0,0.0,0.0,10.0,143.33333333333334,19,6.34,4.0,11.0,2.46,6482.0,3695.0,2723.0,3759.0,3932.6,3654.2,0.0,0.0,3233.0,49.9,3249.0,50.1,2072.0,32.0,4410.0,68.0,0.0,0.0,0.0,0.0,3233.0,49.9,3249.0,50.1,12494.57142857143,0.1428571428571428,234.8571428571429,3476.714285714286,1393.2857142857142,137.14285714285714,60184.57142857143,7,Local Station
CUTI,BL07,BL,รฟม.,BEM,บางพลัด,MRT บางพลัด,2521.0,4,3,0,0,0,0,0,0,0,0,0,5,0,0,10.0,186.66666666666663,0.0,0.0,25.0,117.5,0.0,0.0,0.0,0.0,0.0,0.0,0.0,0.0,0.0,0.0,0,0,0.0,0.0,0.0,0.0,0.0,0.0,0.0,0.0,180.0,230.0,28,5.46,4.0,6.5,3.04,1905.0,1905.0,1905.0,0.0,2771.9,2052.7,0.0,0.0,0.0,0.0,1905.0,100.0,1260.0,66.1,645.0,33.9,0.0,0.0,0.0,0.0,0.0,0.0,1905.0,100.0,7558.2,0.0,249.0,2717.2,2113.8,164.6,8352.2,5,Local Station
CUTI,BL05,BL,รฟม.,BEM,บางยี่ขัน,MRT บางยี่ขัน,6399.0,6,7,0,0,0,0,0,0,0,0,0,6,0,0,30.0,30.0,0.0,0.0,50.0,50.0,0.0,0.0,0.0,0.0,0.0,0.0,0.0,0.0,0.0,0.0,0,0,0.0,0.0,0.0,0.0,0.0,0.0,0.0,0.0,15.0,82.5,27,5.46,4.0,7.0,3.67,2020.0,2020.0,2020.0,0.0,2492.3,2076.9,0.0,0.0,0.0,0.0,2020.0,100.0,1764.0,87.3,256.0,12.7,0.0,0.0,0.0,0.0,0.0,0.0,2020.0,100.0,12344.75,0.0,797.25,6220.75,2582.25,449.0,12775.0,4,Local Station
CUTI,BL08,BL,รฟม.,BEM,บางอ้อ,MRT บางอ้อ,4440.0,6,2,0,0,0,0,0,0,0,0,0,5,0,0,30.0,30.0,0.0,0.0,45.0,67.5,0.0,0.0,0.0,0.0,0.0,0.0,0.0,0.0,0.0,0.0,0,0,0.0,0.0,0.0,0.0,0.0,0.0,0.0,0.0,5.0,5.0,23,5.39,4.0,7.5,3.17,1895.0,1895.0,1895.0,0.0,2476.8,2022.2,0.0,0.0,0.0,0.0,1895.0,100.0,1535.0,81.0,360.0,19.0,0.0,0.0,0.0,0.0,0.0,0.0,1895.0,100.0,5601.5,0.0,195.0,2987.0,689.0,71.25,0.0,4,Local Station
CUTI,BL37,BL,รฟม.,BEM,บางแค,MRT บางแค,5160.0,4,7,1,0,0,1,0,0,1,0,0,6,0,0,12.66381364,38.5350543,0.0,0.0,56.87250348,148.69837519333333,105.3778386,105.3778386,0.0,0.0,0.0,0.0,0.0,0.0,0.0,0.0,0,0,56.87250348,56.87250348,0.0,0.0,56.87250348,56.87250348,0.0,0.0,10.0,26.95695621,14,5.89,4.0,10.0,3.27,2723.0,2306.0,2306.0,417.0,3366.5,2418.7,0.0,0.0,0.0,0.0,2723.0,100.0,0.0,0.0,2723.0,100.0,0.0,0.0,0.0,0.0,545.0,20.0,2178.0,80.0,10022.4,2.6,1074.6,2245.2,1192.2,20.6,6134.8,5,Local Station
CUTI,BL33,BL,รฟม.,BEM,บางไผ่,MRT บางไผ่,2886.0,5,4,0,0,1,0,0,0,1,0,0,5,0,0,12.16913519,29.799611010000003,0.0,0.0,11.49854197,26.702783825,240.1273279,240.1273279,0.0,0.0,0.0,0.0,0.0,0.0,0.0,0.0,0,0,0.0,0.0,240.1273279,240.1273279,0.0,0.0,0.0,0.0,17.31339795,44.788467245,11,6.14,4.0,10.0,3.07,2215.0,2061.0,2061.0,154.0,2482.5,2151.4,0.0,0.0,0.0,0.0,2215.0,100.0,0.0,0.0,1907.0,86.1,308.0,13.9,0.0,0.0,0.0,0.0,2215.0,100.0,5508.5,0.0,1367.0,2281.5,1722.8333333333333,0.0,0.0,6,Local Station
CUTI,BL20,BL,รฟม.,BEM,พระราม 9,MRT พระราม 9,26515.0,6,10,0,0,1,2,0,0,7,0,0,1,0,0,475.4520284,475.4520284,0.0,0.0,17.3240662,70.59836645,18.39296367,28.87691987,0.0,0.0,0.0,0.0,0.0,0.0,0.0,0.0,0,0,0.0,0.0,43.34500771,43.34500771,15.54099817,152.32780583500002,0.0,0.0,18.39296367,21.64287595,45,7.56,4.0,15.0,2.07,11757.0,5753.0,5753.0,6004.0,8073.4,6000.8,0.0,0.0,6429.0,54.7,5328.0,45.3,1625.0,13.8,8308.0,70.7,1824.0,15.5,0.0,0.0,6461.0,55.0,5296.0,45.0,6882.857142857143,0.0,681.0,12076.57142857143,306.57142857142856,338.42857142857144,49791.42857142857,7,Local Station
CUTI,YL02,YL,รฟม.,BTS Group (EBM),ภาวนา,MRT ภาวนา,998.0,4,4,0,1,0,0,0,0,1,0,0,4,0,0,3.0,7.666666666666667,0.0,0.0,30.0,44.0,56.0,56.0,0.0,0.0,0.0,0.0,0.0,0.0,0.0,0.0,0,0,0.0,0.0,0.0,0.0,0.0,0.0,0.0,0.0,74.0,97.0,56,4.75,3.5,10.5,2.0,2000.0,2000.0,2000.0,0.0,4606.8,2033.2,0.0,0.0,0.0,0.0,2000.0,100.0,2000.0,100.0,0.0,0.0,0.0,0.0,0.0,0.0,0.0,0.0,2000.0,100.0,10372.4,0.0,326.6,7649.6,556.0,111.8,0.0,5,Local Station
CUTI,BL36,BL,รฟม.,BEM,ภาษีเจริญ,MRT ภาษีเจริญ,8174.0,8,3,0,0,1,0,0,0,5,0,0,10,0,0,6.650893519,28.16047986966667,0.0,0.0,31.02583725,34.15918754,6.880025954,18.952931602,0.0,0.0,0.0,0.0,0.0,0.0,0.0,0.0,0,0,0.0,0.0,47.06273172,47.06273172,0.0,0.0,0.0,0.0,60.0,133.57144060000002,10,5.5,4.0,8.0,3.9,2529.0,2201.0,2201.0,328.0,3175.2,2332.6,0.0,0.0,0.0,0.0,2529.0,100.0,0.0,0.0,2529.0,100.0,0.0,0.0,0.0,0.0,0.0,0.0,2529.0,100.0,7477.833333333333,2.3333333333333335,1032.6666666666667,887.3333333333334,668.5,43.166666666666664,50000.0,6,Local Station
CUTI,YL06,YL,รฟม.,BTS Group (EBM),มหาดไทย,MRT มหาดไทย,1624.0,4,9,0,2,1,0,0,0,1,0,0,5,0,0,5.0,5.0,0.0,0.0,5.0,80.0,61.0,61.0,0.0,0.0,0.0,0.0,0.0,0.0,0.0,0.0,0,0,0.0,0.0,61.0,61.0,0.0,0.0,0.0,0.0,57.0,78.5,71,4.32,3.5,10.5,1.8,3000.0,2500.0,2500.0,500.0,4763.7,2514.7,0.0,0.0,0.0,0.0,3000.0,100.0,3000.0,100.0,0.0,0.0,0.0,0.0,0.0,0.0,0.0,0.0,3000.0,100.0,17848.5,0.0,665.5,5125.0,2812.0,31.5,0.0,2,Local Station
CUTI,BL16,BL,รฟม.,BEM,รัชดาภิเษก,MRT รัชดาภิเษก,5646.0,6,1,0,0,0,0,0,0,3,1,1,3,0,0,30.77090117,30.77090117,0.0,0.0,17.22048848,60.23680644,33.83854136,41.61898841000001,0.0,0.0,30.77090117,30.77090117,30.77090117,30.77090117,0.0,0.0,0,0,0.0,0.0,0.0,0.0,0.0,0.0,0.0,0.0,48.98909746,48.98909746,12,6.96,4.5,10.0,2.64,3914.0,1910.0,1910.0,2004.0,3401.6,2004.7,0.0,0.0,2004.0,51.2,1910.0,48.8,469.0,12.0,3445.0,88.0,0.0,0.0,0.0,0.0,2243.0,57.3,1671.0,42.7,7643.714285714285,0.0,193.1428571428571,5696.428571428572,268.14285714285717,424.7142857142857,0.0,7,Local Station
CUTI,YL07,YL,รฟม.,BTS Group (EBM),ลาดพร้าว 101,MRT ลาดพร้าว 101,2267.0,8,9,2,2,0,0,0,0,1,0,0,7,0,0,2.0,9.75,0.0,0.0,25.0,49.0,37.0,37.0,73.0,73.0,0.0,0.0,0.0,0.0,0.0,0.0,0,0,73.0,73.0,0.0,0.0,0.0,0.0,0.0,0.0,24.0,49.66666666666666,72,4.56,3.5,9.0,2.01,4170.0,3670.0,3670.0,500.0,6952.9,3603.2,0.0,0.0,1000.0,24.0,3170.0,76.0,670.0,16.1,3500.0,83.9,0.0,0.0,0.0,0.0,1000.0,24.0,3170.0,76.0,20982.166666666668,0.0,474.5,8700.166666666666,2181.3333333333335,292.3333333333333,2500.0,6,Local Station
CUTI,YL04,YL,รฟม.,BTS Group (EBM),ลาดพร้าว 71,MRT ลาดพร้าว 71,1648.0,10,5,0,0,0,0,0,0,1,0,0,8,0,0,2.0,2.5,0.0,0.0,5.0,31.5,37.0,37.0,0.0,0.0,0.0,0.0,0.0,0.0,0.0,0.0,0,0,0.0,0.0,0.0,0.0,0.0,0.0,0.0,0.0,29.0,51.5,73,5.77,3.5,15.0,2.08,6790.0,6230.0,6230.0,560.0,8711.5,5668.9,500.0,7.4,550.0,8.1,5740.0,84.5,1400.0,20.6,2440.0,35.9,2950.0,43.4,0.0,0.0,1550.0,22.8,5240.0,77.2,11055.5,0.0,1258.75,4564.0,1071.25,0.0,55500.0,4,Local Station
CUTI,YL05,YL,รฟม.,BTS Group (EBM),ลาดพร้าว 83,MRT ลาดพร้าว 83,2059.0,8,10,0,0,0,0,0,0,2,0,0,12,0,0,8.0,10.5,0.0,0.0,66.0,103.75,250.0,250.0,0.0,0.0,0.0,0.0,0.0,0.0,0.0,0.0,0,0,0.0,0.0,0.0,0.0,0.0,0.0,0.0,0.0,32.0,69.33333333333333,56,4.28,3.0,9.0,2.7,2000.0,2000.0,2000.0,0.0,5077.8,1975.3,0.0,0.0,0.0,0.0,2000.0,100.0,0.0,0.0,2000.0,100.0,0.0,0.0,0.0,0.0,0.0,0.0,2000.0,100.0,14533.75,0.0,533.75,4845.25,1479.0,15.75,55500.0,4,Local Station
CUTI,BL25,BL,รฟม.,BEM,ลุมพินี,MRT ลุมพินี,16497.0,8,8,0,0,0,0,0,0,3,0,0,2,0,0,289.3310947,387.08454095,0.0,0.0,9.594103158,119.797051579,21.03561414,25.723540725,0.0,0.0,0.0,0.0,0.0,0.0,0.0,0.0,0,0,0.0,0.0,0.0,0.0,0.0,0.0,0.0,0.0,23.62897419,40.902281285,35,8.07,4.0,15.0,2.76,3597.0,3597.0,3597.0,0.0,4065.5,3634.8,0.0,0.0,100.0,2.8,3497.0,97.2,1254.0,34.9,1875.0,52.1,468.0,13.0,0.0,0.0,815.0,22.7,2782.0,77.3,1115.0,0.0,209.8571428571429,5705.857142857143,390.7142857142857,258.0,76785.71428571429,7,Local Station
CUTI,BL29,BL,รฟม.,BEM,วัดมังกร,MRT วัดมังกร,11984.0,13,7,0,0,0,2,0,0,1,0,0,0,1,0,0.0,0.0,0.0,0.0,165.4903335156726,197.7451667578363,3.0,3.0,0.0,0.0,0.0,0.0,0.0,0.0,0.0,0.0,0,0,0.0,0.0,0.0,0.0,400.0,400.0,0.0,0.0,17.63958127778928,49.418674072576046,48,6.81,4.0,13.5,1.65,20059.6,10144.8,10144.8,9914.8,9553.2,9381.8,0.0,0.0,1691.8,8.4,18367.8,91.6,0.0,0.0,16239.0,81.0,3820.6,19.0,331.9,1.7,10276.8,51.2,9450.9,47.1,5286.857142857143,0.0,112.0,9926.142857142857,713.5714285714286,313.0,0.0,7,Local Station
CUTI,YL10,YL,รฟม.,BTS Group (EBM),ศรีกรีฑา,MRT ศรีกรีฑา,1297.0,5,8,0,0,0,0,0,0,0,0,0,3,0,0,3.0,5.5,0.0,0.0,190.0,216.66666666666663,0.0,0.0,0.0,0.0,0.0,0.0,0.0,0.0,0.0,0.0,0,0,0.0,0.0,0.0,0.0,0.0,0.0,0.0,0.0,5.0,54.66666666666666,42,4.57,3.0,12.0,1.81,3993.0,3813.0,3813.0,180.0,4103.6,3360.0,0.0,0.0,1110.0,27.8,2883.0,72.2,1896.0,47.5,1447.0,36.2,650.0,16.3,0.0,0.0,650.0,16.3,3343.0,83.7,5381.714285714285,0.1428571428571428,464.57142857142856,3395.5714285714284,239.42857142857144,115.57142857142856,0.0,7,Local Station
CUTI,YL20,YL,รฟม.,BTS Group (EBM),ศรีด่าน,MRT ศรีด่าน,1125.0,7,8,0,0,0,0,0,0,2,0,0,3,0,0,5.0,5.0,0.0,0.0,40.0,92.0,2.0,11.0,0.0,0.0,0.0,0.0,0.0,0.0,0.0,0.0,0,0,0.0,0.0,0.0,0.0,0.0,0.0,0.0,0.0,5.0,52.5,63,4.48,3.0,9.0,1.69,2822.0,2472.0,2472.0,350.0,5552.9,2438.0,0.0,0.0,2040.0,72.3,782.0,27.7,1650.0,58.5,1131.0,40.1,41.0,1.5,0.0,0.0,1590.0,56.3,1232.0,43.7,9861.4,0.0,658.0,6252.6,544.8,163.8,0.0,5,Local Station
CUTI,YL14,YL,รฟม.,BTS Group (EBM),ศรีนครินทร์ 38,MRT ศรีนครินทร์ 38,554.0,5,2,0,0,0,0,0,0,0,0,0,4,0,0,3.0,7.333333333333333,0.0,0.0,5.0,10.0,0.0,0.0,0.0,0.0,0.0,0.0,0.0,0.0,0.0,0.0,0,0,0.0,0.0,0.0,0.0,0.0,0.0,0.0,0.0,4.0,7.5,33,5.25,3.0,12.0,2.63,2020.0,2020.0,2020.0,0.0,5254.9,2016.2,0.0,0.0,0.0,0.0,2020.0,100.0,0.0,0.0,2020.0,100.0,0.0,0.0,0.0,0.0,0.0,0.0,2020.0,100.0,12478.666666666666,0.0,1331.6666666666667,5808.666666666667,3106.3333333333335,142.66666666666666,0.0,3,Local Station
CUTI,YL13,YL,รฟม.,BTS Group (EBM),ศรีนุช,MRT ศรีนุช,1058.0,8,6,0,0,0,0,0,0,0,0,0,1,0,0,0.0,0.0,0.0,0.0,0.0,115.0,0.0,0.0,0.0,0.0,0.0,0.0,0.0,0.0,0.0,0.0,0,0,0.0,0.0,0.0,0.0,0.0,0.0,0.0,0.0,140.0,140.0,82,6.6,3.0,15.0,3.57,4204.0,3704.0,3704.0,500.0,11085.8,3287.0,0.0,0.0,520.0,12.4,3684.0,87.6,4014.0,95.5,190.0,4.5,0.0,0.0,0.0,0.0,1544.0,36.7,2660.0,63.3,14395.0,0.0,1518.0,4942.0,2247.5,51.5,0.0,2,Local Station
CUTI,YL18,YL,รฟม.,BTS Group (EBM),ศรีลาซาล,MRT ศรีลาซาล,1276.0,4,4,0,0,0,0,0,0,6,0,0,4,0,0,5.0,5.5,0.0,0.0,94.0,102.0,5.0,5.0,0.0,0.0,0.0,0.0,0.0,0.0,0.0,0.0,0,0,0.0,0.0,0.0,0.0,0.0,0.0,0.0,0.0,5.0,32.0,29,6.31,4.0,12.0,1.65,4022.0,3522.0,3522.0,500.0,5427.5,3563.0,0.0,0.0,1477.0,36.7,2545.0,63.3,1256.0,31.2,2586.0,64.3,180.0,4.5,200.0,5.0,927.0,23.0,2895.0,72.0,8870.0,0.75,3517.5,4443.0,2937.5,32.0,13463.5,4,Local Station
CUTI,YL16,YL,รฟม.,BTS Group (EBM),ศรีอุดม,MRT ศรีอุดม,1390.0,10,9,0,0,0,0,0,0,2,0,0,5,0,0,3.0,4.0,0.0,0.0,3.0,45.5,8.0,9.0,0.0,0.0,0.0,0.0,0.0,0.0,0.0,0.0,0,0,0.0,0.0,0.0,0.0,0.0,0.0,0.0,0.0,3.0,34.666666666666664,34,6.05,4.0,12.0,1.83,4270.0,3870.0,3870.0,400.0,8467.8,3510.5,0.0,0.0,190.0,4.4,4080.0,95.6,2250.0,52.7,1620.0,37.9,400.0,9.4,0.0,0.0,710.0,16.6,3560.0,83.4,7381.0,0.0,1120.5,6944.5,363.0,344.0,0.0,2,Local Station
CUTI,YL21,YL,รฟม.,BTS Group (EBM),ศรีเทพา,MRT ศรีเทพา,1238.0,4,13,0,0,0,0,0,0,2,0,0,4,0,0,5.0,7.5,0.0,0.0,130.0,135.0,10.0,11.0,0.0,0.0,0.0,0.0,0.0,0.0,0.0,0.0,0,0,0.0,0.0,0.0,0.0,0.0,0.0,0.0,0.0,5.0,19.33333333333333,41,5.85,3.5,12.0,2.1,2679.0,2679.0,2679.0,0.0,7683.6,2685.1,0.0,0.0,2613.0,97.5,66.0,2.5,1079.0,40.3,1600.0,59.7,0.0,0.0,0.0,0.0,2613.0,97.5,66.0,2.5,10698.5,0.0,925.5,4369.0,207.0,141.0,0.0,2,Local Station
CUTI,YL17,YL,รฟม.,BTS Group (EBM),ศรีเอี่ยม,MRT ศรีเอี่ยม,1162.0,6,5,1,0,0,0,0,0,2,1,0,2,0,0,3.0,176.5,0.0,0.0,170.0,293.3333333333333,10.0,60.0,0.0,0.0,140.0,140.0,0.0,0.0,0.0,0.0,0,0,0.0,0.0,0.0,0.0,0.0,0.0,0.0,0.0,5.0,183.0,29,7.86,4.0,25.5,2.2,3010.0,3010.0,3010.0,0.0,7821.0,3602.1,0.0,0.0,1400.0,46.5,1270.0,42.2,1540.0,51.2,1130.0,37.5,0.0,0.0,0.0,0.0,1270.0,42.2,1400.0,46.5,3772.4,0.0,1042.8,4832.4,480.0,254.6,0.0,5,Local Station
CUTI,YL19,YL,รฟม.,BTS Group (EBM),ศรีแบริ่ง,MRT ศรีแบริ่ง,883.0,4,4,0,0,0,0,0,0,0,0,0,2,0,0,3.0,4.0,0.0,0.0,130.0,173.33333333333334,0.0,0.0,0.0,0.0,0.0,0.0,0.0,0.0,0.0,0.0,0,0,0.0,0.0,0.0,0.0,0.0,0.0,0.0,0.0,3.0,6.5,37,4.78,3.0,10.5,1.57,3380.0,3380.0,3380.0,0.0,4902.7,3405.4,2000.0,59.2,1380.0,40.8,0.0,0.0,2000.0,59.2,1380.0,40.8,0.0,0.0,690.0,20.4,2690.0,79.6,0.0,0.0,12346.25,0.0,3548.25,6094.25,3041.0,30.75,13463.5,4,Local Station
CUTI,BL23,BL,รฟม.,BEM,ศูนย์ประชุมสิริกิติ์,MRT ศูนย์ประชุมสิริกิติ์,15479.0,9,15,0,0,0,3,0,0,3,3,1,3,2,0,179.96229725000808,179.96229725000808,190.02034262089936,190.02034262089936,13.392944797151728,25.11361107461177,72.27020875738016,73.82791481076032,0.0,0.0,67.79643301854486,93.76824596789824,67.79643301854486,67.79643301854486,0.0,0.0,0,0,0.0,0.0,0.0,0.0,203.97696585098245,203.97696585098245,0.0,0.0,10.852562127582654,13.04174439421431,43,7.4,4.0,13.0,2.35,7788.0,5852.0,5852.0,1936.0,6002.0,5384.7,0.0,0.0,2699.0,34.7,5089.0,65.3,1084.0,13.9,5554.0,71.3,1150.0,14.8,158.0,2.0,2822.0,36.2,4808.0,61.7,4496.666666666667,0.0,266.0,4474.833333333333,891.3333333333334,633.5,30000.0,6,Destination Gateway
CUTI,BL19,BL,รฟม.,BEM,ศูนย์วัฒนธรรม,MRT ศูนย์วัฒนธรรม,17216.0,5,5,0,0,0,0,0,0,3,2,1,1,0,0,90.23603817,90.23603817,0.0,0.0,9.52622617,40.18589134,18.83239716,65.43870790333334,0.0,0.0,40.61977325,58.34595989,76.07214653,76.07214653,0.0,0.0,0,0,0.0,0.0,0.0,0.0,0.0,0.0,0.0,0.0,11.03579454,49.615027297500006,15,6.7,4.0,10.0,2.59,3798.0,3075.0,3075.0,723.0,3535.9,3187.9,0.0,0.0,0.0,0.0,3798.0,100.0,0.0,0.0,985.0,25.9,2813.0,74.1,0.0,0.0,0.0,0.0,3798.0,100.0,8606.5,0.0,128.75,11782.5,729.75,238.0,47895.0,4,Local Station
CUTI,YL15,YL,รฟม.,BTS Group (EBM),สวนหลวง ร.9,MRT สวนหลวง ร.9,2990.0,8,11,0,0,7,0,0,0,0,0,0,8,0,0,140.0,195.0,0.0,0.0,69.0,120.66666666666669,0.0,0.0,0.0,0.0,0.0,0.0,0.0,0.0,0.0,0.0,0,0,0.0,0.0,120.0,210.0,0.0,0.0,0.0,0.0,67.0,139.0,39,5.04,3.0,12.0,1.92,4786.0,3473.0,3473.0,1313.0,6669.9,3338.5,393.0,8.2,1680.0,35.1,2713.0,56.7,2866.0,59.9,1920.0,40.1,0.0,0.0,813.0,17.0,1173.0,24.5,2800.0,58.5,8265.0,0.0,516.0,9912.0,840.0,107.33333333333331,278000.0,3,Local Station
CUTI,BL30,BL,รฟม.,BEM,สามยอด,MRT สามยอด,8371.0,14,4,0,0,0,0,0,0,0,0,0,0,0,0,0.0,0.0,0.0,0.0,17.0,17.0,0.0,0.0,0.0,0.0,0.0,0.0,0.0,0.0,0.0,0.0,0,0,0.0,0.0,0.0,0.0,0.0,0.0,0.0,0.0,45.0,45.0,29,8.57,4.0,15.0,2.1,14832.5,7416.2,7416.2,7416.2,7439.2,7303.2,0.0,0.0,2505.1,16.9,12327.4,83.1,0.0,0.0,10317.4,69.6,4515.1,30.4,682.1,4.6,3342.1,22.5,10808.3,72.9,5308.875,0.0,171.25,7270.75,1532.125,168.125,0.0,8,Local Station
CUTI,BL27,BL,รฟม.,BEM,สามย่าน,MRT สามย่าน,20030.0,15,13,0,0,1,3,0,0,1,1,0,3,5,0,30.0,95.0,32.0,32.0,70.0,89.0,60.0,60.0,0.0,0.0,120.0,120.0,0.0,0.0,0.0,0.0,0,0,0.0,0.0,0.0,0.0,40.0,107.5,0.0,0.0,20.0,25.0,96,9.08,2.5,18.0,2.71,12010.0,8057.0,7827.0,4183.0,10007.3,8539.9,26.0,0.2,793.0,6.6,11191.0,93.2,2937.0,24.5,2958.0,24.6,6115.0,50.9,143.0,1.2,3966.0,33.0,7901.0,65.8,1840.5,0.0,153.25,11237.625,5992.0,536.5,34000.0,8,Local Station
CUTI,BL06,BL,รฟม.,BEM,สิรินธร,MRT สิรินธร,4476.0,7,8,0,0,0,0,0,0,0,0,0,1,0,0,13.45772728,13.45772728,0.0,0.0,101.0995402,156.83001835,0.0,0.0,0.0,0.0,0.0,0.0,0.0,0.0,0.0,0.0,0,0,0.0,0.0,0.0,0.0,0.0,0.0,0.0,0.0,20.97618986,108.42535418,40,6.41,4.0,11.5,2.54,3811.0,3761.0,3761.0,50.0,2958.9,2808.7,0.0,0.0,0.0,0.0,3811.0,100.0,2670.0,70.1,871.0,22.9,270.0,7.1,0.0,0.0,98.0,2.6,3713.0,97.4,11182.75,0.0,502.25,4821.5,3530.25,244.25,8281.5,4,Local Station
CUTI,BL17,BL,รฟม.,BEM,สุทธิสาร,MRT สุทธิสาร,13220.0,4,9,0,0,0,0,0,0,2,0,0,3,0,0,9.792151459,27.4756635045,0.0,0.0,48.162708,135.59925429999998,296.3358147,321.2751604,0.0,0.0,0.0,0.0,0.0,0.0,0.0,0.0,0,0,0.0,0.0,0.0,0.0,0.0,0.0,0.0,0.0,82.56118476,99.73661364333331,23,6.85,4.0,12.5,2.34,6828.0,3379.0,3379.0,3449.0,3838.3,3519.1,0.0,0.0,2764.0,40.5,4064.0,59.5,1418.0,20.8,4701.0,68.8,709.0,10.4,0.0,0.0,2987.0,43.7,3841.0,56.3,9018.8,0.0,157.6,6839.2,202.6,480.6,0.0,5,Local Station
CUTI,BL38,BL,รฟม.,BEM,หลักสอง,MRT หลักสอง,18347.0,6,4,1,0,5,0,0,0,0,2,0,3,0,0,11.18706852,11.451319095,0.0,0.0,20.86137019,89.98549986333332,0.0,0.0,0.0,0.0,133.3418897,155.3376544,0.0,0.0,0.0,0.0,0,0,90.21625991,90.21625991,11.71556967,20.1060775,0.0,0.0,0.0,0.0,22.4611779,70.88591915333335,22,7.18,4.0,13.5,2.74,2358.0,2169.0,2169.0,189.0,3593.5,2207.4,0.0,0.0,0.0,0.0,2358.0,100.0,420.0,17.8,1730.0,73.4,208.0,8.8,0.0,0.0,0.0,0.0,2358.0,100.0,9577.0,1.25,2081.25,6188.75,285.5,27.75,75000.0,4,Local Station
CUTI,BL18,BL,รฟม.,BEM,ห้วยขวาง,MRT ห้วยขวาง,19020.0,11,13,0,0,0,1,0,0,0,1,1,1,0,0,30.32956195,30.32956195,0.0,0.0,15.78183332,73.9658611125,0.0,0.0,0.0,0.0,42.07529835,42.07529835,43.91083378,43.91083378,0.0,0.0,0,0,0.0,0.0,0.0,0.0,57.62400543,57.62400543,0.0,0.0,17.33342803,39.892540525,22,6.2,4.0,11.5,2.48,6343.0,3115.0,3115.0,3228.0,3605.4,3306.9,0.0,0.0,2331.0,36.7,4012.0,63.3,158.0,2.5,5098.0,80.4,1087.0,17.1,334.0,5.3,2294.0,36.2,3715.0,58.6,8927.4,0.0,119.0,8126.4,829.0,697.0,0.0,5,Local Station
CUTI,BL32,BL,รฟม.,BEM,อิสรภาพ,MRT อิสรภาพ,6593.0,11,2,0,0,0,1,0,0,3,0,0,4,1,0,20.0,25.065726295,60.0,60.0,25.0,82.5,25.0,25.0,0.0,0.0,0.0,0.0,0.0,0.0,0.0,0.0,0,0,0.0,0.0,0.0,0.0,30.13145259,30.13145259,0.0,0.0,25.0,202.5,9,7.44,4.0,14.0,2.95,2980.0,1484.0,1484.0,1496.0,1989.5,1548.3,0.0,0.0,0.0,0.0,2980.0,100.0,0.0,0.0,685.0,23.0,2295.0,77.0,0.0,0.0,37.0,1.2,2943.0,98.8,9719.0,0.0,324.5,1592.5,6573.333333333333,16.666666666666668,3048.3333333333335,6,Local Station
CUTI,BL35,BL,รฟม.,BEM,เพชรเกษม48,MRT เพชรเกษม48,3347.0,6,2,0,0,0,0,0,0,0,0,0,6,0,0,5.995973931,19.6323335855,0.0,0.0,66.86114499,91.77131459999998,0.0,0.0,0.0,0.0,0.0,0.0,0.0,0.0,0.0,0.0,0,0,0.0,0.0,0.0,0.0,0.0,0.0,0.0,0.0,9.174404949,9.174404949,8,5.0,4.0,7.5,6.3,1907.0,1907.0,1907.0,0.0,3279.9,2000.7,0.0,0.0,0.0,0.0,1907.0,100.0,0.0,0.0,1907.0,100.0,0.0,0.0,0.0,0.0,0.0,0.0,1907.0,100.0,9442.857142857143,2.142857142857143,1001.4285714285714,1626.428571428571,1714.857142857143,14.428571428571429,0.0,7,Local Station
CUTI,YL09,YL,รฟม.,BTS Group (EBM),แยกลำสาลี,MRT แยกลำสาลี,2578.0,9,17,0,1,0,0,0,0,0,0,0,5,0,0,5.0,41.66666666666666,0.0,0.0,69.0,109.5,0.0,0.0,0.0,0.0,0.0,0.0,0.0,0.0,0.0,0.0,0,0,0.0,0.0,0.0,0.0,0.0,0.0,0.0,0.0,3.0,16.5,63,4.91,3.5,12.0,1.75,5090.0,4810.0,4810.0,280.0,5360.5,4558.9,0.0,0.0,2910.0,57.2,2180.0,42.8,4390.0,86.2,700.0,13.8,0.0,0.0,0.0,0.0,3210.0,63.1,1880.0,36.9,11341.42857142857,0.0,331.7142857142857,8786.714285714286,929.8571428571428,227.1428571428571,60100.857142857145,7,Local Station
CUTI,YL03,YL,รฟม.,BTS Group (EBM),โชคชัย 4,MRT โชคชัย 4,1577.0,9,9,0,2,0,0,0,0,6,0,0,7,0,0,5.0,9.333333333333334,0.0,0.0,6.0,34.666666666666664,140.0,193.33333333333337,120.0,120.0,0.0,0.0,0.0,0.0,0.0,0.0,0,0,0.0,0.0,0.0,0.0,0.0,0.0,0.0,0.0,6.0,25.5,56,4.64,4.0,12.0,2.02,3100.0,2550.0,2550.0,550.0,5886.6,2492.3,0.0,0.0,0.0,0.0,3100.0,100.0,550.0,17.7,0.0,0.0,2550.0,82.3,0.0,0.0,0.0,0.0,3100.0,100.0,11115.0,0.0,1955.0,5665.0,2333.5,0.0,0.0,2,Local Station
CUTI,BL03,BL,รฟม.,BEM,ไฟฉาย,MRT ไฟฉาย,3714.0,12,4,0,0,0,0,0,0,0,0,0,2,0,0,315.0,342.5,0.0,0.0,130.0,157.5,0.0,0.0,0.0,0.0,0.0,0.0,0.0,0.0,0.0,0.0,0,0,0.0,0.0,0.0,0.0,0.0,0.0,0.0,0.0,150.0,150.0,31,6.37,4.0,12.0,2.91,3792.0,3792.0,3792.0,0.0,4797.4,3892.2,0.0,0.0,0.0,0.0,3792.0,100.0,2660.0,70.1,969.0,25.6,163.0,4.3,0.0,0.0,921.0,24.3,2871.0,75.7,13939.25,0.0,258.75,1597.5,696.75,43.0,0.0,4,Local Station
CUTI,RN07,RW/RN,รฟท.,บ. รถไฟฟ้า ร.ฟ.ท.,การเคหะฯ,SRT การเคหะฯ,731.6818182,2,6,0,0,0,0,0,0,4,3,1,2,0,0,29.18036803,33.855910465,0.0,0.0,7.080162249,39.1293604945,12.17172708,53.79324429,0.0,0.0,39.87124286,51.00344246,41.75156835,41.75156835,0.0,0.0,0,0,0.0,0.0,0.0,0.0,0.0,0.0,0.0,0.0,24.93167941,54.557146785,40,6.08,4.0,19.0,3.81,1565.0,1157.0,1157.0,408.0,4536.6,1220.4,0.0,0.0,0.0,0.0,1565.0,100.0,755.0,48.2,0.0,0.0,810.0,51.8,0.0,0.0,0.0,0.0,1565.0,100.0,14427.666666666666,0.0,691.6666666666666,7542.0,713.0,74.33333333333333,0.0,3,Local Station
CUTI,RN02,RW/RN,รฟท.,บ. รถไฟฟ้า ร.ฟ.ท.,จตุจักร,SRT จตุจักร,563.7272727,5,3,0,0,0,0,0,0,9,2,2,2,0,0,10.80637283432034,19.454332134160644,0.0,0.0,85.0,98.08115102425452,10.0,66.6,0.0,0.0,15.0,57.5,23.0,71.5,0.0,0.0,0,0,0.0,0.0,0.0,0.0,0.0,0.0,0.0,0.0,191.81537758100703,226.94820147130568,27,6.15,4.0,9.0,3.48,6246.0,3123.0,3123.0,3123.0,4999.5,3123.1,0.0,0.0,3025.0,48.4,3221.0,51.6,3025.0,48.4,2525.0,40.4,696.0,11.1,250.0,4.0,3490.0,55.9,2506.0,40.1,2932.0,0.0,585.5,3646.0,238.0,6.5,0.0,6,Local Station
CUTI,RW06,RW/RN,รฟท.,บ. รถไฟฟ้า ร.ฟ.ท.,ตลิ่งชัน,SRT ตลิ่งชัน,989.2727273,4,1,0,0,2,0,0,0,1,2,1,0,0,0,0.0,0.0,0.0,0.0,18.37948349,75.43308659499999,18.37948349,18.37948349,0.0,0.0,18.37948349,119.189741745,70.0,70.0,0.0,0.0,0,0,0.0,0.0,80.0,80.0,0.0,0.0,0.0,0.0,80.0,80.0,19,6.16,4.0,13.5,2.87,3460.0,2121.0,2121.0,1339.0,2816.9,2080.4,0.0,0.0,490.0,14.2,2970.0,85.8,2663.0,77.0,797.0,23.0,0.0,0.0,0.0,0.0,490.0,14.2,2970.0,85.8,4917.0,0.25,175.5,1057.75,65.0,0.0,0.0,4,Local Station
CUTI,RN05,RW/RN,รฟท.,บ. รถไฟฟ้า ร.ฟ.ท.,ทุ่งสองห้อง,SRT ทุ่งสองห้อง,533.5454545,2,1,0,0,0,0,0,0,9,3,2,1,0,0,45.51471853,45.51471853,0.0,0.0,36.23432966,36.23432966,11.35181655,24.574458826,0.0,0.0,64.80041715,88.59917432666667,53.03961266,53.03961266,0.0,0.0,0,0,0.0,0.0,0.0,0.0,0.0,0.0,0.0,0.0,20.82353337,20.82353337,24,7.17,4.0,19.0,2.03,3544.0,2282.0,2282.0,1262.0,3638.1,1391.2,0.0,0.0,527.0,14.9,3017.0,85.1,2872.0,81.0,0.0,0.0,672.0,19.0,0.0,0.0,527.0,14.9,3017.0,85.1,4120.333333333333,0.0,202.33333333333337,2157.0,4163.666666666667,162.33333333333334,0.0,3,Local Station
CUTI,RW05,RW/RN,รฟท.,บ. รถไฟฟ้า ร.ฟ.ท.,บางบำหรุ,SRT บางบำหรุ,582.4545455,5,1,0,0,0,0,0,0,0,2,2,0,0,0,0.0,0.0,0.0,0.0,180.5685838722633,180.5685838722633,0.0,0.0,0.0,0.0,1.0,10.5,1.0,5.5,0.0,0.0,0,0,0.0,0.0,0.0,0.0,0.0,0.0,0.0,0.0,10.0,10.0,30,6.83,4.0,16.5,1.88,2921.4,2921.4,2921.4,0.0,5007.7,2922.9,0.0,0.0,383.3,13.1,2538.2,86.9,0.0,0.0,2921.4,100.0,0.0,0.0,0.0,0.0,383.3,13.1,2538.2,86.9,7577.0,13.25,399.0,2970.75,938.75,239.75,0.0,4,Local Station
CUTI,RN04,RW/RN,รฟท.,บ. รถไฟฟ้า ร.ฟ.ท.,บางเขน,SRT บางเขน,1666.545455,5,2,0,0,0,0,0,0,7,0,0,0,0,0,0.0,0.0,0.0,0.0,5.185935694,12.519269312,10.28855132,35.031446856,0.0,0.0,0.0,0.0,0.0,0.0,0.0,0.0,0,0,0.0,0.0,0.0,0.0,0.0,0.0,0.0,0.0,165.1116438,165.1116438,45,6.06,4.0,12.0,2.67,3814.0,3465.0,3465.0,349.0,5881.9,3547.6,0.0,0.0,0.0,0.0,3814.0,100.0,2910.0,76.3,216.0,5.7,688.0,18.0,0.0,0.0,130.0,3.4,3684.0,96.6,3106.0,0.0,464.0,774.5,5305.5,54.166666666666664,0.0,6,Local Station
CUTI,RN10,RW/RN,รฟท.,บ. รถไฟฟ้า ร.ฟ.ท.,รังสิต,SRT รังสิต,4266.636364,0,3,1,0,2,0,0,0,8,5,3,1,0,0,50.96584473,50.96584473,0.0,0.0,0.0,0.0,53.02227756,57.377046735,0.0,0.0,10.0,53.6953357325,10.0,25.0,0.0,0.0,0,0,39.32178327,39.32178327,12.17209731,12.17209731,0.0,0.0,0.0,0.0,16.36167928,32.22089596,47,7.71,4.0,12.0,1.39,11917.0,5929.0,5929.0,5988.0,11818.6,6948.8,7275.0,61.0,3519.0,29.5,1123.0,9.4,9517.0,79.9,2338.0,19.6,62.0,0.5,7275.0,61.0,3767.0,31.6,875.0,7.3,11014.666666666666,2.6666666666666665,0.0,8635.666666666666,1252.3333333333333,32.0,0.0,3,Local Station
CUTI,RN03,RW/RN,รฟท.,บ. รถไฟฟ้า ร.ฟ.ท.,วัดเสมียนนารี,SRT วัดเสมียนนารี,925.1363636,5,4,0,0,0,0,0,0,7,2,2,2,0,0,59.98280787,144.585564185,0.0,0.0,44.07483038,83.21180506,12.47812453,60.70678436142857,0.0,0.0,108.6961071,109.18196175,69.61185344,78.28712231,0.0,0.0,0,0,0.0,0.0,0.0,0.0,0.0,0.0,0.0,0.0,109.827626,181.5372612,39,6.85,4.0,13.0,2.0,4675.0,3410.0,3410.0,1265.0,6117.8,3191.1,650.0,13.9,242.0,5.2,3783.0,80.9,3761.0,80.4,228.0,4.9,686.0,14.7,650.0,13.9,242.0,5.2,3783.0,80.9,3368.714285714286,0.0,998.5714285714286,553.4285714285714,1281.571428571429,49.857142857142854,0.0,7,Local Station
CUTI,RN09,RW/RN,รฟท.,บ. รถไฟฟ้า ร.ฟ.ท.,หลักหก,SRT หลักหก,1791.090909,0,1,0,0,0,0,0,0,3,2,1,2,0,0,7.331562399,7.331562399,0.0,0.0,0.0,0.0,5.0,6.1657811995,0.0,0.0,70.0,70.0,7.331562399,7.331562399,0.0,0.0,0,0,0.0,0.0,0.0,0.0,0.0,0.0,0.0,0.0,78.83546269,78.83546269,18,7.81,4.0,13.0,1.91,2668.0,1540.0,1540.0,1128.0,3183.4,1541.0,0.0,0.0,133.0,5.0,2535.0,95.0,1498.0,56.1,672.0,25.2,498.0,18.7,0.0,0.0,672.0,25.2,1996.0,74.8,11710.5,2.75,133.25,8263.0,1653.25,69.75,12148.0,4,Local Station
CUTI,MT01,ARL,รฟท.,บ. รถไฟฟ้า ร.ฟ.ท.,อิมแพ็ค เมืองทองธานี,SRT อิมแพ็ค เมืองทองธานี,1565.0,0,1,0,0,0,0,0,0,3,0,0,2,0,0,4.755301399,32.2619193545,0.0,0.0,0.0,0.0,69.31908666,229.75775368,0.0,0.0,0.0,0.0,0.0,0.0,0.0,0.0,0,0,0.0,0.0,0.0,0.0,0.0,0.0,0.0,0.0,10.0,10.0,33,5.88,4.0,10.0,1.53,3602.0,1767.0,1767.0,1835.0,4937.7,1446.7,0.0,0.0,1460.0,40.5,2142.0,59.5,1880.0,52.2,1460.0,40.5,262.0,7.3,0.0,0.0,1460.0,40.5,2142.0,59.5,12213.4,0.0,436.0,15460.0,8276.4,349.6,28000.0,5,Destination Gateway
AEC,PP16,PP,รฟม.,BEM,เตาปูน,MRT เตาปูน,7346.0,9,14,0,0,0,8,0,0,1,0,0,4,0,0,4.0,45.66666666666666,0.0,0.0,83.0,108.25,40.0,40.0,0.0,0.0,0.0,0.0,0.0,0.0,0.0,0.0,0,0,0.0,0.0,0.0,0.0,21.0,107.0,0.0,0.0,6.0,21.25,113,4.16,2.0,10.0,1.95,5103.0,5067.0,5067.0,36.0,7357.8,4761.0,0.0,0.0,365.0,7.2,4388.0,86.0,2553.0,50.0,1750.0,34.3,800.0,15.7,0.0,0.0,750.0,14.7,4353.0,85.3,18973.25,0.0,765.0,6257.5,1027.75,0.0,8553.25,4,Interchange Station
AEC,RW01,RW/RN,รฟท.,บ. รถไฟฟ้า ร.ฟ.ท.,กรุงเทพอภิวัฒน์,MRT บางซื่อ และ SRT กรงเทพอภิวัฒน์,9347.636364,3,3,0,0,2,0,0,0,0,0,0,0,0,0,0.0,0.0,0.0,0.0,3.0,11.666666666666666,0.0,0.0,0.0,0.0,0.0,0.0,0.0,0.0,0.0,0.0,0,0,0.0,0.0,5.0,10.0,0.0,0.0,0.0,0.0,10.0,17.666666666666668,19,6.67,3.0,12.0,1.57,2869.0,2499.0,2499.0,370.0,2264.3,2128.3,0.0,0.0,1787.0,62.3,1082.0,37.7,2334.0,81.4,258.0,9.0,277.0,9.7,0.0,0.0,2511.0,87.5,358.0,12.5,6731.0,0.0,120.66666666666669,3330.0,484.0,0.0,11404.333333333334,3,Intermodal Transportation Hub
CUTI,PP13,PP,รฟม.,BEM,แยกติวานนท์,MRT แยกติวานนท์,2708.0,6,5,1,0,0,0,0,0,0,0,0,2,0,0,30.0,50.0,0.0,0.0,12.0,30.0,0.0,0.0,0.0,0.0,0.0,0.0,0.0,0.0,0.0,0.0,0,0,33.0,33.0,0.0,0.0,0.0,0.0,0.0,0.0,11.0,16.333333333333332,69,4.24,2.2,14.0,1.94,1571.0,859.0,859.0,712.0,5428.7,1457.0,0.0,0.0,1413.0,89.9,158.0,10.1,448.0,28.5,1123.0,71.5,0.0,0.0,234.0,14.9,1288.0,82.0,49.0,3.1,6857.25,5.5,31.0,9305.25,760.25,10.75,0.0,4,Local Station
