source,line_code,station_name,station,bike_parking_count,bike_parking_min_dist,bike_parking_mean_dist,park_ride_moto_count,park_ride_moto_min_dist,park_ride_moto_mean_dist,taxi_count,taxi_min_dist,taxi_mean_dist,bus_stop_count,bus_stop_min_dist,bus_stop_mean_dist,bike_share_count,bike_share_min_dist,bike_share_mean_dist,songtaew_count,songtaew_min_dist,songtaew_mean_dist,win_count,win_min_dist,win_mean_dist,park_ride_car_count,park_ride_car_min_dist,park_ride_car_mean_dist,scooter_share_count,scooter_share_min_dist,scooter_share_mean_dist,tuktuk_count,tuktuk_min_dist,tuktuk_mean_dist,kiss_ride_count,kiss_ride_min_dist,kiss_ride_mean_dist,minibus_count,minibus_min_dist,minibus_mean_dist,entry
A21,N10,พหลโยธิน 24,N10 พหลโยธิน 24,3,14.0,26.333333333333332,0,0.0,0.0,0,0.0,0.0,4,50.0,148.25,0,0.0,0.0,0,0.0,0.0,3,30.0,76.0,0,0.0,0.0,0,0,0,0,0.0,0.0,2,7.0,27.0,0,0.0,0.0,5987.0
A21,N11,รัชโยธิน,N11 รัชโยธิน,4,4.0,16.0,0,0.0,0.0,0,0.0,0.0,3,8.0,39.0,0,0.0,0.0,0,0.0,0.0,4,25.0,82.5,0,0.0,0.0,0,0,0,0,0.0,0.0,2,12.0,12.0,0,0.0,0.0,12159.0
A21,N12,เสนานิคม,N12 เสนานิคม,3,5.0,16.0,0,0.0,0.0,0,0.0,0.0,4,87.0,136.25,0,0.0,0.0,0,0.0,0.0,3,35.0,150.66666666666666,0,0.0,0.0,0,0,0,0,0.0,0.0,1,83.0,83.0,1,180.0,180.0,11789.0
A21,N13,มหาวิทยาลัยเกษตรศาสตร์,N13 มหาวิทยาลัยเกษตรศาสตร์,4,10.0,19.0,0,0.0,0.0,0,0.0,0.0,4,15.0,60.75,0,0.0,0.0,0,0.0,0.0,3,12.0,117.33333333333331,0,0.0,0.0,0,0,0,0,0.0,0.0,1,15.0,15.0,0,0.0,0.0,14375.0
A21,N14,กรมป่าไม้,N14 กรมป่าไม้,4,8.0,24.25,0,0.0,0.0,0,0.0,0.0,4,75.0,175.75,0,0.0,0.0,0,0.0,0.0,3,55.0,180.66666666666663,0,0.0,0.0,0,0,0,0,0.0,0.0,2,12.0,20.0,0,0.0,0.0,5434.0
A21,N15,บางบัว,N15 บางบัว,4,4.0,28.0,0,0.0,0.0,0,0.0,0.0,3,37.0,79.0,0,0.0,0.0,0,0.0,0.0,2,40.0,97.5,0,0.0,0.0,0,0,0,0,0.0,0.0,2,14.0,42.0,0,0.0,0.0,8717.0
A21,N16,กรมทหารราบที่ 11,N16 กรมทหารราบที่ 11,4,8.0,74.5,0,0.0,0.0,0,0.0,0.0,4,55.0,134.75,0,0.0,0.0,0,0.0,0.0,2,30.0,142.5,0,0.0,0.0,0,0,0,0,0.0,0.0,2,38.0,64.0,0,0.0,0.0,5297.0
A21,N18,พหลโยธิน 59,N18 พหลโยธิน 59,4,8.0,17.0,0,0.0,0.0,0,0.0,0.0,4,30.0,158.75,0,0.0,0.0,0,0.0,0.0,3,35.0,209.33333333333337,0,0.0,0.0,0,0,0,0,0.0,0.0,2,20.0,151.5,0,0.0,0.0,3991.0
A21,N19,สายหยุด,N19 สายหยุด,4,8.0,11.25,0,0.0,0.0,0,0.0,0.0,4,45.0,86.5,0,0.0,0.0,0,0.0,0.0,3,25.0,79.66666666666667,0,0.0,0.0,0,0,0,0,0.0,0.0,2,75.0,82.5,0,0.0,0.0,8104.0
A21,N20,สะพานใหม่,N20 สะพานใหม่,4,8.0,11.5,0,0.0,0.0,0,0.0,0.0,3,42.0,177.66666666666666,0,0.0,0.0,0,0.0,0.0,3,30.0,101.66666666666669,0,0.0,0.0,0,0,0,0,0.0,0.0,2,22.0,47.5,0,0.0,0.0,10180.0
A21,N21,โรงพยาบาลภูมิพลอดุลยเดช,N21 โรงพยาบาลภูมิพลอดุลยเดช,3,12.0,12.666666666666666,0,0.0,0.0,0,0.0,0.0,4,82.0,133.0,0,0.0,0.0,0,0.0,0.0,0,0.0,0.0,0,0.0,0.0,0,0,0,0,0.0,0.0,2,36.0,42.0,0,0.0,0.0,2631.0
A21,N22,พิพิธภัณฑ์กองทัพอากาศ,N22 พิพิธภัณฑ์กองทัพอากาศ,4,18.0,21.25,0,0.0,0.0,0,0.0,0.0,4,126.0,161.5,0,0.0,0.0,0,0.0,0.0,0,0.0,0.0,0,0.0,0.0,0,0,0,0,0.0,0.0,2,14.0,15.0,0,0.0,0.0,2976.0
A21,N23,แยก คปอ.,N23 แยก คปอ.,4,12.0,18.75,2,52.0,93.5,0,0.0,0.0,4,18.0,167.0,0,0.0,0.0,0,0.0,0.0,3,30.0,116.66666666666669,1,120.0,120.0,0,0,0,0,0.0,0.0,1,15.0,15.0,0,0.0,0.0,11503.0
A21,N24,คูคต,N24 คูคต,4,8.0,24.5,2,60.0,81.0,0,0.0,0.0,4,30.0,284.0,0,0.0,0.0,0,0.0,0.0,2,8.0,21.0,1,30.0,30.0,0,0,0,0,0.0,0.0,1,42.0,42.0,0,0.0,0.0,16201.0
A21,PK02,แคราย,PK02 แคราย,3,2.0,11.333333333333334,0,0.0,0.0,0,0.0,0.0,2,37.0,66.5,0,0.0,0.0,0,0.0,0.0,2,46.0,65.5,0,0.0,0.0,0,0,0,0,0.0,0.0,3,9.0,14.0,0,0.0,0.0,571.0
A21,PK03,สนามบินน้ำ,PK03 สนามบินน้ำ,3,4.0,7.666666666666667,0,0.0,0.0,0,0.0,0.0,4,100.0,179.5,0,0.0,0.0,0,0.0,0.0,2,52.0,52.0,0,0.0,0.0,0,0,0,0,0.0,0.0,2,2.5,22.75,0,0.0,0.0,639.0
A21,PK04,สามัคคี,PK04 สามัคคี,2,8.0,10.5,0,0.0,0.0,0,0.0,0.0,4,128.0,234.0,0,0.0,0.0,0,0.0,0.0,2,77.0,158.5,0,0.0,0.0,0,0,0,0,0.0,0.0,2,3.0,25.5,0,0.0,0.0,467.0
A21,PK05,กรมชลประทาน,PK05 กรมชลประทาน,4,3.0,6.5,0,0.0,0.0,0,0.0,0.0,2,48.0,50.5,0,0.0,0.0,0,0.0,0.0,1,15.0,15.0,0,0.0,0.0,0,0,0,0,0.0,0.0,2,38.0,40.5,0,0.0,0.0,1085.0
A21,PK06,แยกปากเกร็ด,PK06 แยกปากเกร็ด,4,7.0,7.5,0,0.0,0.0,0,0.0,0.0,2,250.0,290.0,0,0.0,0.0,0,0.0,0.0,1,30.0,30.0,0,0.0,0.0,0,0,0,0,0.0,0.0,2,16.0,24.5,0,0.0,0.0,734.0
A21,PK07,เลี่ยงเมืองปากเกร็ด,PK07 เลี่ยงเมืองปากเกร็ด,3,1.2,11.4,0,0.0,0.0,0,0.0,0.0,2,11.0,26.5,0,0.0,0.0,0,0.0,0.0,2,40.0,43.5,0,0.0,0.0,0,0,0,0,0.0,0.0,2,12.0,26.0,0,0.0,0.0,1903.0
A21,PK08,แจ้งวัฒนะ-ปากเกร็ด 28,PK08 แจ้งวัฒนะ-ปากเกร็ด 28,3,3.0,19.666666666666668,0,0.0,0.0,0,0.0,0.0,3,48.0,154.66666666666666,0,0.0,0.0,0,0.0,0.0,2,50.0,67.5,0,0.0,0.0,0,0,0,0,0.0,0.0,2,15.0,24.5,0,0.0,0.0,4181.0
A21,PK09,ศรีรัช,PK09 ศรีรัช,2,27.0,38.5,0,0.0,0.0,0,0.0,0.0,2,75.0,82.5,0,0.0,0.0,0,0.0,0.0,1,24.0,24.0,0,0.0,0.0,0,0,0,0,0.0,0.0,1,24.0,24.0,0,0.0,0.0,1083.0
A21,PK11,แจ้งวัฒนะ 14,PK11 แจ้งวัฒนะ 14,3,8.0,15.666666666666666,0,0.0,0.0,0,0.0,0.0,2,18.0,31.5,0,0.0,0.0,0,0.0,0.0,1,40.0,40.0,0,0.0,0.0,0,0,0,0,0.0,0.0,2,5.0,6.0,0,0.0,0.0,2534.0
A21,PK12,ศูนย์ราชการเฉลิมพระเกียรติ,PK12 ศูนย์ราชการเฉลิมพระเกียรติ,3,1.0,13.666666666666666,0,0.0,0.0,0,0.0,0.0,4,2.4,87.1,0,0.0,0.0,0,0.0,0.0,2,40.0,145.0,0,0.0,0.0,0,0,0,0,0.0,0.0,2,0.5,7.75,0,0.0,0.0,3624.0
A21,PK13,โทรคมนาคมแห่งชาติ,PK13 โทรคมนาคมแห่งชาติ,3,8.0,18.666666666666668,0,0.0,0.0,0,0.0,0.0,4,32.0,101.5,0,0.0,0.0,0,0.0,0.0,2,96.0,155.5,0,0.0,0.0,0,0,0,0,0.0,0.0,2,1.5,28.25,0,0.0,0.0,1759.0
A21,PK15,ราชภัฎพระนคร,PK15 ราชภัฎพระนคร,2,1.0,4.5,0,0.0,0.0,0,0.0,0.0,2,63.0,104.0,0,0.0,0.0,0,0.0,0.0,1,10.0,10.0,0,0.0,0.0,0,0,0,0,0.0,0.0,2,20.0,22.5,0,0.0,0.0,1688.0
A21,PK17,รามอินทรา 3,PK17 รามอินทรา 3,4,2.5,12.875,0,0.0,0.0,0,0.0,0.0,4,90.0,152.5,0,0.0,0.0,0,0.0,0.0,2,156.0,163.0,0,0.0,0.0,0,0,0,0,0.0,0.0,3,5.0,15.666666666666666,0,0.0,0.0,1534.0
A21,PK18,ลาดปลาเค้า,PK18 ลาดปลาเค้า,4,5.0,18.75,0,0.0,0.0,0,0.0,0.0,4,15.0,90.0,0,0.0,0.0,1,250.0,250.0,2,45.0,47.5,0,0.0,0.0,0,0,0,0,0.0,0.0,2,5.0,27.5,0,0.0,0.0,1435.0
A21,PK19,รามอินทรา กม.4,PK19 รามอินทรา กม.4,4,3.0,13.5,0,0.0,0.0,0,0.0,0.0,4,6.0,194.25,0,0.0,0.0,0,0.0,0.0,3,65.0,207.33333333333337,0,0.0,0.0,0,0,0,0,0.0,0.0,2,5.0,31.0,0,0.0,0.0,1212.0
A21,PK20,มัยลาภ,PK20 มัยลาภ,4,8.0,21.75,0,0.0,0.0,0,0.0,0.0,4,45.0,177.25,0,0.0,0.0,0,0.0,0.0,2,63.0,186.0,0,0.0,0.0,0,0,0,0,0.0,0.0,2,3.5,24.75,0,0.0,0.0,964.0
A21,PK21,วัชรพล,PK21 วัชรพล,4,2.0,14.5,0,0.0,0.0,0,0.0,0.0,2,57.0,60.5,0,0.0,0.0,0,0.0,0.0,1,45.0,45.0,0,0.0,0.0,0,0,0,0,0.0,0.0,2,35.0,36.5,0,0.0,0.0,959.0
A21,PK22,รามอินทรา กม.6,PK22 รามอินทรา กม.6,4,1.0,9.25,0,0.0,0.0,0,0.0,0.0,4,47.0,218.75,0,0.0,0.0,0,0.0,0.0,4,20.0,186.75,0,0.0,0.0,0,0,0,0,0.0,0.0,3,16.0,67.66666666666667,0,0.0,0.0,1418.0
A21,PK23,คู้บอน,PK23 คู้บอน,4,3.0,50.5,0,0.0,0.0,0,0.0,0.0,3,50.0,106.66666666666669,0,0.0,0.0,0,0.0,0.0,1,80.0,80.0,0,0.0,0.0,0,0,0,0,0.0,0.0,2,6.5,38.25,0,0.0,0.0,1453.0
A21,PK24,รามอินทรา กม.9,PK24 รามอินทรา กม.9,4,4.0,10.75,0,0.0,0.0,0,0.0,0.0,4,45.0,178.0,0,0.0,0.0,0,0.0,0.0,1,25.0,25.0,0,0.0,0.0,0,0,0,0,0.0,0.0,3,2.5,4.5,0,0.0,0.0,2015.0
A21,PK25,วงแหวนรามอินทรา,PK25 วงแหวนรามอินทรา,3,14.0,36.333333333333336,0,0.0,0.0,0,0.0,0.0,4,1.0,207.5,0,0.0,0.0,1,,,1,5.0,5.0,0,0.0,0.0,0,0,0,0,0.0,0.0,2,8.0,20.5,0,0.0,0.0,3113.0
A21,PK26,นพรัตน์,PK26 นพรัตน์,4,7.0,8.625,0,0.0,0.0,0,0.0,0.0,4,45.0,154.75,0,0.0,0.0,0,0.0,0.0,1,100.0,100.0,0,0.0,0.0,0,0,0,0,0.0,0.0,2,1.5,2.75,0,0.0,0.0,761.0
A21,PK27,บางชัน,PK27 บางชัน,4,0.5,7.0,0,0.0,0.0,0,0.0,0.0,4,37.0,154.5,0,0.0,0.0,0,0.0,0.0,3,45.0,222.0,0,0.0,0.0,0,0,0,0,0.0,0.0,3,20.0,28.0,0,0.0,0.0,713.0
A21,PK28,เศรษฐบุตรบำเพ็ญ,PK28 เศรษฐบุตรบำเพ็ญ,4,4.0,19.25,0,0.0,0.0,0,0.0,0.0,4,90.0,125.0,0,0.0,0.0,0,0.0,0.0,3,54.0,111.33333333333331,0,0.0,0.0,0,0,0,0,0.0,0.0,2,12.0,32.0,0,0.0,0.0,862.0
A21,PK29,ตลาดมีนบุรี,PK29 ตลาดมีนบุรี,4,3.0,11.75,0,0.0,0.0,0,0.0,0.0,4,6.0,110.5,0,0.0,0.0,2,75.0,192.5,4,8.0,35.25,0,0.0,0.0,0,0,0,0,0.0,0.0,2,7.0,9.5,0,0.0,0.0,3071.0
A21,PK30,มีนบุรี,PK30 มีนบุรี,1,35.0,35.0,1,90.0,90.0,0,0.0,0.0,1,340.0,340.0,0,0.0,0.0,0,0.0,0.0,1,97.0,97.0,1,70.0,70.0,0,0,0,0,0.0,0.0,1,5.5,5.5,0,0.0,0.0,1811.0
A21,PP01,คลองบางไผ่,PP01 คลองบางไผ่,3,5.0,16.666666666666668,1,166.0,166.0,0,0.0,0.0,3,2.0,22.333333333333332,0,0.0,0.0,0,0.0,0.0,2,45.0,63.5,1,20.0,20.0,0,0,0,0,0.0,0.0,3,12.0,22.666666666666668,0,0.0,0.0,6697.0
A21,PP02,ตลาดบางใหญ่,PP02 ตลาดบางใหญ่,2,3.0,12.5,0,0.0,0.0,0,0.0,0.0,4,60.0,133.75,0,0.0,0.0,0,0.0,0.0,4,16.0,24.0,0,0.0,0.0,0,0,0,0,0.0,0.0,2,7.0,9.5,0,0.0,0.0,5427.0
A21,PP03,สามแยกบางใหญ่,PP03 สามแยกบางใหญ่,4,10.0,28.5,1,5.0,5.0,0,0.0,0.0,4,2.0,24.5,0,0.0,0.0,0,0.0,0.0,3,37.0,139.0,1,5.0,5.0,0,0,0,0,0.0,0.0,2,2.0,11.0,0,0.0,0.0,1451.0
A21,PP04,บางพลู,PP04 บางพลู,3,4.0,9.666666666666666,0,0.0,0.0,0,0.0,0.0,2,100.0,102.0,0,0.0,0.0,0,0.0,0.0,3,136.0,142.0,0,0.0,0.0,0,0,0,0,0.0,0.0,4,2.0,6.5,0,0.0,0.0,2194.0
A21,PP05,บางรักใหญ่,PP05 บางรักใหญ่,4,6.0,6.75,0,0.0,0.0,0,0.0,0.0,3,66.0,166.33333333333334,0,0.0,0.0,0,0.0,0.0,2,20.0,21.0,0,0.0,0.0,0,0,0,0,0.0,0.0,2,7.0,36.0,0,0.0,0.0,1065.0
A21,PP06,บางรักน้อยท่าอิฐ,PP06 บางรักน้อยท่าอิฐ,2,9.0,18.0,1,60.0,60.0,0,0.0,0.0,2,65.0,74.0,0,0.0,0.0,0,0.0,0.0,2,10.0,38.5,1,16.0,16.0,0,0,0,0,0.0,0.0,2,10.0,11.0,0,0.0,0.0,2440.0
A21,PP07,ไทรม้า,PP07 ไทรม้า,3,1.0,6.0,0,0.0,0.0,0,0.0,0.0,2,11.0,33.0,0,0.0,0.0,0,0.0,0.0,2,12.0,33.5,0,0.0,0.0,0,0,0,0,0.0,0.0,2,6.0,6.5,0,0.0,0.0,2104.0
A21,PP08,สะพานพระนั่งเกล้า,PP08 สะพานพระนั่งเกล้า,3,3.0,7.666666666666667,0,0.0,0.0,0,0.0,0.0,3,55.0,118.0,0,0.0,0.0,0,0.0,0.0,2,12.0,16.0,0,0.0,0.0,0,0,0,0,0.0,0.0,1,72.0,72.0,1,90.0,90.0,2817.0
A21,PP09,แยกนนทบุรี 1,PP09 แยกนนทบุรี 1,2,10.0,11.5,1,51.0,51.0,0,0.0,0.0,3,55.0,191.0,0,0.0,0.0,0,0.0,0.0,3,26.0,97.66666666666669,1,32.0,32.0,0,0,0,0,0.0,0.0,2,11.0,11.5,0,0.0,0.0,3261.0
A21,PP10,บางกระสอ,PP10 บางกระสอ,2,3.0,6.5,0,0.0,0.0,0,0.0,0.0,3,3.0,140.33333333333334,0,0.0,0.0,0,0.0,0.0,2,27.0,71.5,0,0.0,0.0,0,0,0,0,0.0,0.0,2,2.0,9.0,0,0.0,0.0,2654.0
A21,PP12,กระทรวงสาธารณะสุข,PP12 กระทรวงสาธารณะสุข,2,20.0,20.0,0,0.0,0.0,0,0.0,0.0,4,38.0,66.5,0,0.0,0.0,0,0.0,0.0,2,13.0,29.0,0,0.0,0.0,0,0,0,0,0.0,0.0,2,,,0,0.0,0.0,4496.0
A21,PP14,วงศ์สว่าง,PP14 วงศ์สว่าง,3,5.0,6.0,0,0.0,0.0,0,0.0,0.0,4,56.0,141.75,0,0.0,0.0,0,0.0,0.0,3,6.0,62.0,0,0.0,0.0,0,0,0,0,0.0,0.0,0,0.0,0.0,0,0.0,0.0,3095.0
AEC,A04,หัวหมาก,ARL หัวหมาก และ MRT หัวหมาก,3,5.0,33.333333333333336,0,0.0,0.0,0,0.0,0.0,2,91.0,93.0,0,0.0,0.0,0,0.0,0.0,4,42.0,72.75,0,0.0,0.0,0,0,0,0,0.0,0.0,0,0.0,0.0,0,0.0,0.0,7467.578947368421
AEC,YL11,หัวหมาก,ARL หัวหมาก และ MRT หัวหมาก,3,5.0,33.333333333333336,0,0.0,0.0,0,0.0,0.0,2,91.0,93.0,0,0.0,0.0,0,0.0,0.0,4,42.0,72.75,0,0.0,0.0,0,0,0,0,0.0,0.0,0,0.0,0.0,0,0.0,0.0,3225.0
AEC,S07,กรุงธนบุรี,BTS กรุงธนบุรี และ MRT กรุงธนบุรี,3,6.0,8.0,0,0.0,0.0,0,0.0,0.0,3,42.0,95.33333333333331,0,0.0,0.0,0,0.0,0.0,2,5.0,8.5,0,0.0,0.0,0,0,0,0,0.0,0.0,0,0.0,0.0,0,0.0,0.0,11356.0
AEC,G1,กรุงธนบุรี,BTS กรุงธนบุรี และ MRT กรุงธนบุรี,3,6.0,8.0,0,0.0,0.0,0,0.0,0.0,3,42.0,95.33333333333331,0,0.0,0.0,0,0.0,0.0,2,5.0,8.5,0,0.0,0.0,0,0,0,0,0.0,0.0,0,0.0,0.0,0,0.0,0.0,3378.4545454545455
AEC,S12,บางหว้า,BTS บางหว้า และ MRT บางหว้า,5,10.0,41.0,0,0.0,0.0,0,0.0,0.0,4,10.0,107.0,0,0.0,0.0,0,0.0,0.0,3,12.0,75.66666666666667,0,0.0,0.0,0,0,0,0,0.0,0.0,0,0.0,0.0,0,0.0,0.0,16969.0
AEC,BL34,บางหว้า,BTS บางหว้า และ MRT บางหว้า,5,10.0,41.0,0,0.0,0.0,0,0.0,0.0,4,10.0,107.0,0,0.0,0.0,0,0.0,0.0,3,12.0,75.66666666666667,0,0.0,0.0,0,0,0,0,0.0,0.0,0,0.0,0.0,0,0.0,0.0,11869.0
AEC,N02,พญาไท,BTS พญาไท และ APL พญาไท,2,43.0,48.5,0,0.0,0.0,0,0.0,0.0,3,43.0,134.33333333333334,0,0.0,0.0,0,0.0,0.0,5,11.0,23.0,0,0.0,0.0,0,0,0,0,0.0,0.0,0,0.0,0.0,0,0.0,0.0,22095.0
AEC,A08,พญาไท,BTS พญาไท และ APL พญาไท,2,43.0,48.5,0,0.0,0.0,0,0.0,0.0,3,43.0,134.33333333333334,0,0.0,0.0,0,0.0,0.0,5,11.0,23.0,0,0.0,0.0,0,0,0,0,0.0,0.0,0,0.0,0.0,0,0.0,0.0,16150.157894736842
AEC,N17,วัดพระศรีมหาธาตุ,BTS วัดพระศรีมหาธาตุ และ MRT วัดพระศรีมหาธาตุ,5,5.0,14.0,0,0.0,0.0,0,0.0,0.0,5,52.0,258.4,0,0.0,0.0,0,0.0,0.0,4,22.0,78.25,0,0.0,0.0,0,0,0,0,0.0,0.0,0,0.0,0.0,0,0.0,0.0,23791.0
AEC,PK16,วัดพระศรีมหาธาตุ,BTS วัดพระศรีมหาธาตุ และ MRT วัดพระศรีมหาธาตุ,5,5.0,14.0,0,0.0,0.0,0,0.0,0.0,5,52.0,258.4,0,0.0,0.0,0,0.0,0.0,4,22.0,78.25,0,0.0,0.0,0,0,0,0,0.0,0.0,0,0.0,0.0,0,0.0,0.0,1470.0
AEC,S02,ศาลาแดง,BTS ศาลาแดง  และ MRT สีลม,0,0.0,0.0,0,0.0,0.0,0,0.0,0.0,2,3.0,17.0,0,0.0,0.0,0,0.0,0.0,3,9.0,16.333333333333332,0,0.0,0.0,0,0,0,0,0.0,0.0,0,0.0,0.0,0,0.0,0.0,29675.0
AEC,BL26,สีลม,BTS ศาลาแดง  และ MRT สีลม,0,0.0,0.0,0,0.0,0.0,0,0.0,0.0,2,3.0,17.0,0,0.0,0.0,0,0.0,0.0,3,9.0,16.333333333333332,0,0.0,0.0,0,0,0,0,0.0,0.0,0,0.0,0.0,0,0.0,0.0,25542.0
AEC,S06,สะพานตากสิน,BTS สะพานตากสิน,1,22.0,22.0,0,0.0,0.0,0,0.0,0.0,2,110.0,125.0,0,0.0,0.0,1,30.0,30.0,1,30.0,30.0,0,0.0,0.0,0,0,0,0,0.0,0.0,0,0.0,0.0,0,0.0,0.0,13908.0
AEC,E15,สำโรง,BTS สำโรง และ MRT  สำโรง,2,5.0,20.5,0,0.0,0.0,0,0.0,0.0,3,5.0,68.0,0,0.0,0.0,0,0.0,0.0,3,11.0,22.333333333333332,0,0.0,0.0,0,0,0,0,0.0,0.0,0,0.0,0.0,0,0.0,0.0,16742.0
AEC,YL23,สำโรง,BTS สำโรง และ MRT  สำโรง,2,5.0,20.5,0,0.0,0.0,0,0.0,0.0,3,5.0,68.0,0,0.0,0.0,0,0.0,0.0,3,11.0,22.333333333333332,0,0.0,0.0,0,0,0,0,0.0,0.0,0,0.0,0.0,0,0.0,0.0,4158.0
AEC,N08,หมอชิต,BTS หมอชิต และ MRT สวนจตุจักร,2,85.0,242.5,0,0.0,0.0,0,0.0,0.0,3,15.0,73.0,0,0.0,0.0,0,0.0,0.0,4,5.0,14.5,0,0.0,0.0,0,0,0,0,0.0,0.0,0,0.0,0.0,0,0.0,0.0,35483.0
AEC,BL13,สวนจตุจักร,BTS หมอชิต และ MRT สวนจตุจักร,2,85.0,242.5,0,0.0,0.0,0,0.0,0.0,3,15.0,73.0,0,0.0,0.0,0,0.0,0.0,4,5.0,14.5,0,0.0,0.0,0,0,0,0,0.0,0.0,0,0.0,0.0,0,0.0,0.0,29619.0
AEC,N09,5 แยกลาดพร้าว,BTS ห้าแยกลาดพร้าว และ MRT พหลโยธิน,2,36.0,38.5,0,0.0,0.0,0,0.0,0.0,3,49.0,85.0,0,0.0,0.0,0,0.0,0.0,4,5.0,98.75,0,0.0,0.0,0,0,0,0,0.0,0.0,0,0.0,0.0,0,0.0,0.0,26705.0
AEC,BL14,พหลโยธิน,BTS ห้าแยกลาดพร้าว และ MRT พหลโยธิน,2,36.0,38.5,0,0.0,0.0,0,0.0,0.0,3,49.0,85.0,0,0.0,0.0,0,0.0,0.0,4,5.0,98.75,0,0.0,0.0,0,0,0,0,0.0,0.0,0,0.0,0.0,0,0.0,0.0,16411.0
AEC,N03,อนุสาวรีย์ชัยสมรภูมิ,BTS อนุสาวรีย์ชัยสมรภูมิ,2,12.0,32.0,0,0.0,0.0,0,0.0,0.0,2,29.0,59.5,0,0.0,0.0,0,0.0,0.0,4,5.0,16.75,0,0.0,0.0,0,0,0,0,0.0,0.0,0,0.0,0.0,0,0.0,0.0,22424.0
AEC,E04,อโศก,BTS อโศก และ MRT สุขุมวิท,2,7.0,28.0,0,0.0,0.0,0,0.0,0.0,2,79.0,79.5,0,0.0,0.0,0,0.0,0.0,2,37.0,39.5,0,0.0,0.0,0,0,0,0,0.0,0.0,0,0.0,0.0,0,0.0,0.0,52388.0
AEC,BL22,สุขุมวิท,BTS อโศก และ MRT สุขุมวิท,2,7.0,28.0,0,0.0,0.0,0,0.0,0.0,2,79.0,79.5,0,0.0,0.0,0,0.0,0.0,2,37.0,39.5,0,0.0,0.0,0,0,0,0,0.0,0.0,0,0.0,0.0,0,0.0,0.0,44114.0
AEC,BL01,ท่าพระ,MRT ท่าพระ,3,10.0,13.666666666666666,0,0.0,0.0,0,0.0,0.0,5,170.0,204.0,0,0.0,0.0,0,0.0,0.0,2,5.0,7.5,0,0.0,0.0,0,0,0,0,0.0,0.0,0,0.0,0.0,0,0.0,0.0,8544.0
AEC,BL11,บางซื่อ,MRT บางซื่อ และ SRT กรงเทพอภิวัฒน์,0,0.0,0.0,0,0.0,0.0,0,0.0,0.0,1,28.0,28.0,0,0.0,0.0,0,0.0,0.0,2,20.0,21.5,0,0.0,0.0,0,0,0,0,0.0,0.0,0,0.0,0.0,0,0.0,0.0,14635.0
AEC,RN01,กรุงเทพอภิวัฒน์,MRT บางซื่อ และ SRT กรงเทพอภิวัฒน์,0,0.0,0.0,0,0.0,0.0,0,0.0,0.0,1,28.0,28.0,0,0.0,0.0,0,0.0,0.0,2,20.0,21.5,0,0.0,0.0,0,0,0,0,0.0,0.0,0,0.0,0.0,0,0.0,0.0,9347.636363636364
AEC,PP15,บางซ่อน,MRT บางซ่อน และ SRT บางซ่อน,3,4.0,21.333333333333332,0,0.0,0.0,0,0.0,0.0,4,5.0,52.75,0,0.0,0.0,0,0.0,0.0,5,6.0,31.6,0,0.0,0.0,0,0,0,0,0.0,0.0,0,0.0,0.0,0,0.0,0.0,4510.0
AEC,RW02,บางซ่อน,MRT บางซ่อน และ SRT บางซ่อน,3,4.0,21.333333333333332,0,0.0,0.0,0,0.0,0.0,4,5.0,52.75,0,0.0,0.0,0,0.0,0.0,5,6.0,31.6,0,0.0,0.0,0,0,0,0,0.0,0.0,0,0.0,0.0,0,0.0,0.0,519.0
AEC,BL09,บางโพ,MRT บางโพ,4,5.0,73.25,0,0.0,0.0,0,0.0,0.0,4,120.0,210.0,0,0.0,0.0,0,0.0,0.0,3,9.0,28.666666666666668,0,0.0,0.0,0,0,0,0,0.0,0.0,0,0.0,0.0,0,0.0,0.0,5028.0
AEC,BL15,ลาดพร้าว,MRT ลาดพร้าว สีน้ำเงิน และ MRT ลาดพร้าว สีเหลือง,3,100.0,123.33333333333331,0,0.0,0.0,0,0.0,0.0,4,39.0,97.5,0,0.0,0.0,0,0.0,0.0,4,2.0,68.75,0,0.0,0.0,0,0,0,0,0.0,0.0,0,0.0,0.0,0,0.0,0.0,20450.0
AEC,YL01,ลาดพร้าว,MRT ลาดพร้าว สีน้ำเงิน และ MRT ลาดพร้าว สีเหลือง,3,100.0,123.33333333333331,0,0.0,0.0,0,0.0,0.0,4,39.0,97.5,0,0.0,0.0,0,0.0,0.0,4,2.0,68.75,0,0.0,0.0,0,0,0,0,0.0,0.0,0,0.0,0.0,0,0.0,0.0,10796.0
AEC,PP11,ศูนย์ราชการนนทบุรี,MRT ศูนย์ราชการนนทบุรี (สีม่วง) และ ศูนย์ราชการนนทบุรี (สีชมพู),2,10.0,53.5,0,0.0,0.0,0,0.0,0.0,3,6.0,105.0,0,0.0,0.0,0,0.0,0.0,4,2.0,67.25,0,0.0,0.0,0,0,0,0,0.0,0.0,0,0.0,0.0,0,0.0,0.0,5266.0
AEC,PK01,ศูนย์ราชการนนทบุรี,MRT ศูนย์ราชการนนทบุรี (สีม่วง) และ ศูนย์ราชการนนทบุรี (สีชมพู),2,10.0,53.5,0,0.0,0.0,0,0.0,0.0,3,6.0,105.0,0,0.0,0.0,0,0.0,0.0,4,2.0,67.25,0,0.0,0.0,0,0,0,0,0.0,0.0,0,0.0,0.0,0,0.0,0.0,3117.0
AEC,BL31,สนามไชย,MRT สนามไชย,1,500.0,500.0,0,0.0,0.0,0,0.0,0.0,2,41.0,85.5,0,0.0,0.0,0,0.0,0.0,2,5.0,97.5,0,0.0,0.0,0,0,0,0,0.0,0.0,0,0.0,0.0,0,0.0,0.0,9083.0
AEC,BL28,หัวลำโพง,MRT หัวลำโพง,2,9.0,12.0,0,0.0,0.0,0,0.0,0.0,3,49.0,65.66666666666667,0,0.0,0.0,0,0.0,0.0,1,2.0,2.0,0,0.0,0.0,0,0,0,0,0.0,0.0,0,0.0,0.0,0,0.0,0.0,7900.0
AEC,BL10,เตาปูน,MRT เตาปูน,3,4.0,45.666666666666664,0,0.0,0.0,0,0.0,0.0,4,83.0,108.25,0,0.0,0.0,0,0.0,0.0,4,6.0,21.25,0,0.0,0.0,0,0,0,0,0.0,0.0,0,0.0,0.0,0,0.0,0.0,
AEC,BL21,เพชรบุรี,MRT เพชรบุรี และ ARL มักกะสัน,2,3.0,61.5,0,0.0,0.0,0,0.0,0.0,2,5.0,67.5,0,0.0,0.0,0,0.0,0.0,3,20.0,42.666666666666664,0,0.0,0.0,0,0,0,0,0.0,0.0,0,0.0,0.0,0,0.0,0.0,35458.0
AEC,A06,มักกะสัน,MRT เพชรบุรี และ ARL มักกะสัน,2,3.0,61.5,0,0.0,0.0,0,0.0,0.0,2,5.0,67.5,0,0.0,0.0,0,0.0,0.0,3,20.0,42.666666666666664,0,0.0,0.0,0,0,0,0,0.0,0.0,0,0.0,0.0,0,0.0,0.0,13594.78947368421
AEC,PK10,เมืองทองธานี,MRT เมืองทองธานี,4,6.0,31.75,0,0.0,0.0,0,0.0,0.0,3,170.0,183.33333333333337,0,0.0,0.0,0,0.0,0.0,1,250.0,250.0,0,0.0,0.0,0,0,0,0,0.0,0.0,0,0.0,0.0,0,0.0,0.0,1281.0
AEC,RN08,ดอนเมือง,SRT ดอนเมือง,5,5.0,26.0,0,0.0,0.0,0,0.0,0.0,3,30.0,86.66666666666667,0,0.0,0.0,0,0.0,0.0,4,10.0,132.5,0,0.0,0.0,0,0,0,0,0.0,0.0,0,0.0,0.0,0,0.0,0.0,6600.0
AEC,RN06,หลักสี่,SRT หลักสี่ และ MRT หลักสี่,3,5.0,73.0,0,0.0,0.0,0,0.0,0.0,3,10.0,151.66666666666666,0,0.0,0.0,1,5.0,5.0,4,2.0,59.75,0,0.0,0.0,0,0,0,0,0.0,0.0,0,0.0,0.0,0,0.0,0.0,3758.2727272727275
AEC,PK14,หลักสี่,SRT หลักสี่ และ MRT หลักสี่,3,5.0,73.0,0,0.0,0.0,0,0.0,0.0,3,10.0,151.66666666666666,0,0.0,0.0,1,5.0,5.0,4,2.0,59.75,0,0.0,0.0,0,0,0,0,0.0,0.0,0,0.0,0.0,0,0.0,0.0,4525.0
CUTI,A03,บ้านทับช้าง,ARL บ้านทับช้าง,0,0.0,0.0,1,116.0,116.0,1,305.0,305.0,0,0.0,0.0,0,0.0,0.0,0,0.0,0.0,2,55.0,172.5,2,85.0,262.5,0,0,0,0,0.0,0.0,2,45.0,45.0,0,0.0,0.0,4367.789473684211
CUTI,A07,ราชปรารภ,ARL ราชปรารภ,0,0.0,0.0,0,0.0,0.0,1,160.04497641591047,160.04497641591047,2,135.32672351169532,227.46805768750573,0,0.0,0.0,0,0.0,0.0,2,5.753580343405236,12.58505588654391,0,0.0,0.0,0,0,0,1,5.753580343405236,5.753580343405236,1,14.0,14.0,0,0.0,0.0,4550.684210526316
CUTI,A05,รามคำแหง,ARL รามคำแหง,1,25.24154442,25.24154442,0,0.0,0.0,0,0.0,0.0,1,120.0032327,120.0032327,0,0.0,0.0,1,130.0483989,130.0483989,1,49.96167056,49.96167056,1,199.9557588,199.9557588,0,0,0,0,0.0,0.0,0,0.0,0.0,1,530.0,530.0,7074.210526315789
CUTI,A02,ลาดกระบัง,ARL ลาดกระบัง,0,0.0,0.0,1,25.0,25.0,1,60.0,60.0,1,105.0,105.0,0,0.0,0.0,1,99.0,99.0,1,110.0,110.0,1,108.0,108.0,0,0,0,0,0.0,0.0,1,25.0,25.0,0,0.0,0.0,11388.578947368422
CUTI,E01,ชิดลม,BTS ชิดลม,0,0.0,0.0,0,0.0,0.0,0,0.0,0.0,4,5.0,71.2802973025,2,80.0,165.0,0,0.0,0.0,3,25.48513275,95.06771086666669,0,0.0,0.0,0,0,0,1,170.0,170.0,1,90.0,90.0,0,0.0,0.0,27095.0
CUTI,E17,ช้างเอราวัณ,BTS ช้างเอราวัณ,2,25.0,49.5,0,0.0,0.0,0,0.0,0.0,3,16.0,100.66666666666669,0,0.0,0.0,0,0.0,0.0,2,13.0,35.5,0,0.0,0.0,0,0,0,0,0.0,0.0,0,0.0,0.0,0,0.0,0.0,5285.0
CUTI,E06,ทองหล่อ,BTS ทองหล่อ,2,8.0,10.0,0,0.0,0.0,0,0.0,0.0,2,10.0,27.5,2,8.0,9.0,0,0.0,0.0,3,30.0,50.666666666666664,0,0.0,0.0,0,0,0,0,0.0,0.0,0,0.0,0.0,0,0.0,0.0,16109.0
CUTI,E03,นานา,BTS นานา,3,5.0,20.0,0,0.0,0.0,0,0.0,0.0,3,30.0,48.333333333333336,3,5.0,231.66666666666663,0,0.0,0.0,4,30.0,68.75,0,0.0,0.0,0,0,0,0,0.0,0.0,0,0.0,0.0,0,0.0,0.0,13573.0
CUTI,E10,บางจาก,BTS บางจาก,5,3.0,43.8,0,0.0,0.0,0,0.0,0.0,2,30.0,35.0,0,0.0,0.0,0,0.0,0.0,3,54.0,64.66666666666667,0,0.0,0.0,0,0,0,0,0.0,0.0,0,0.0,0.0,0,0.0,0.0,10182.0
CUTI,E13,บางนา,BTS บางนา,4,13.0,35.25,0,0.0,0.0,0,0.0,0.0,1,24.0,24.0,0,0.0,0.0,0,0.0,0.0,3,11.0,29.0,0,0.0,0.0,0,0,0,0,0.0,0.0,0,0.0,0.0,0,0.0,0.0,10410.0
CUTI,E19,ปากน้ำ,BTS ปากน้ำ,2,2.0,29.0,0,0.0,0.0,0,0.0,0.0,3,2.0,131.33333333333334,0,0.0,0.0,0,0.0,0.0,2,5.0,7.5,0,0.0,0.0,0,0,0,0,0.0,0.0,0,0.0,0.0,0,0.0,0.0,3020.0
CUTI,E11,ปุณณวิถี,BTS ปุณณวิถี,2,10.0,26.5,0,0.0,0.0,0,0.0,0.0,4,22.0,74.25,0,0.0,0.0,1,160.0,160.0,2,25.0,67.5,0,0.0,0.0,0,0,0,0,0.0,0.0,0,0.0,0.0,0,0.0,0.0,12371.0
CUTI,E16,ปู่เจ้าสมิงพราย,BTS ปู่เจ้าสมิงพราย,2,20.0,22.5,0,0.0,0.0,0,0.0,0.0,2,27.0,44.0,0,0.0,0.0,0,0.0,0.0,2,16.0,20.0,0,0.0,0.0,0,0,0,0,0.0,0.0,0,0.0,0.0,0,0.0,0.0,4398.0
CUTI,E08,พระโขนง,BTS พระโขนง,1,15.0,15.0,0,0.0,0.0,0,0.0,0.0,2,10.0,13.5,1,100.0,100.0,0,0.0,0.0,2,45.0,52.5,0,0.0,0.0,0,0,0,0,0.0,0.0,0,0.0,0.0,0,0.0,0.0,12489.0
CUTI,E05,พร้อมพงษ์,BTS พร้อมพงษ์,5,4.103138284,24.8550237648,0,0.0,0.0,0,0.0,0.0,3,11.17497744,29.920188533333334,0,0.0,0.0,0,0.0,0.0,3,15.24916232,93.30589142666668,0,0.0,0.0,0,0,0,0,0.0,0.0,2,52.60914723,74.229953435,0,0.0,0.0,32485.0
CUTI,N01,ราชเทวี,BTS ราชเทวี,0,0.0,0.0,0,0.0,0.0,1,20.46444802,20.46444802,2,20.0,25.0,0,0.0,0.0,0,0.0,0.0,2,20.46444802,125.23222401,0,0.0,0.0,0,0,0,1,100.0,100.0,1,30.0,30.0,0,0.0,0.0,10730.0
CUTI,E20,ศรีนครินทร์,BTS ศรีนครินทร์,2,42.0,44.0,0,0.0,0.0,0,0.0,0.0,2,8.0,69.0,0,0.0,0.0,0,0.0,0.0,3,6.0,8.666666666666666,0,0.0,0.0,0,0,0,0,0.0,0.0,0,0.0,0.0,0,0.0,0.0,3068.0
CUTI,W01,สนามกีฬาแห่งชาติ,BTS สนามกีฬาแห่งชาติ,1,17.29308408,17.29308408,0,0.0,0.0,0,0.0,0.0,2,33.46735196,43.838992045,1,21.54362012,21.54362012,0,0.0,0.0,2,17.96385566,211.82742673,0,0.0,0.0,0,0,0,3,2.66157673,59.43129039666667,3,2.66157673,87.55889333,0,0.0,0.0,14103.0
CUTI,CEN,สยาม,BTS สยาม,0,0.0,0.0,0,0.0,0.0,0,0.0,0.0,3,2.0,61.0,0,0.0,0.0,0,0.0,0.0,4,5.0,13.75,0,0.0,0.0,0,0,0,0,0.0,0.0,0,0.0,0.0,0,0.0,0.0,49819.0
CUTI,N07,สะพานควาย,BTS สะพานควาย,1,35.0,35.0,0,0.0,0.0,0,0.0,0.0,4,10.0,35.5,1,300.0,300.0,0,0.0,0.0,3,25.0,160.66666666666666,0,0.0,0.0,0,0,0,0,0.0,0.0,1,58.0,58.0,0,0.0,0.0,8091.0
CUTI,E22,สายลวด,BTS สายลวด,2,20.0,24.5,0,0.0,0.0,0,0.0,0.0,0,0.0,0.0,0,0.0,0.0,0,0.0,0.0,2,51.0,57.5,0,0.0,0.0,0,0,0,0,0.0,0.0,0,0.0,0.0,0,0.0,0.0,1597.0
CUTI,E12,อุดมสุข,BTS อุดมสุข,4,14.0,47.75,0,0.0,0.0,0,0.0,0.0,3,5.0,29.333333333333332,0,0.0,0.0,0,0.0,0.0,2,7.0,27.5,0,0.0,0.0,0,0,0,0,0.0,0.0,0,0.0,0.0,0,0.0,0.0,19960.0
CUTI,E09,อ่อนนุช,BTS อ่อนนุช,1,65.0,65.0,0,0.0,0.0,0,0.0,0.0,2,5.0,17.5,0,0.0,0.0,0,0.0,0.0,3,20.0,61.666666666666664,0,0.0,0.0,0,0,0,0,0.0,0.0,0,0.0,0.0,0,0.0,0.0,27015.0
CUTI,E23,เคหะสมุทรปราการ,BTS เคหะสมุทรปราการ,3,5.0,45.333333333333336,0,0.0,0.0,0,0.0,0.0,0,0.0,0.0,0,0.0,0.0,1,61.0,61.0,3,120.0,306.6666666666667,0,0.0,0.0,0,0,0,0,0.0,0.0,0,0.0,0.0,0,0.0,0.0,5940.0
CUTI,E02,เพลินจิต,BTS เพลินจิต,0,0.0,0.0,0,0.0,0.0,0,0.0,0.0,3,30.0,66.66666666666667,2,40.0,150.0,0,0.0,0.0,4,20.0,48.75,0,0.0,0.0,0,0,0,0,0.0,0.0,1,15.0,15.0,0,0.0,0.0,21327.0
CUTI,E07,เอกมัย,BTS เอกมัย,2,7.0,18.5,0,0.0,0.0,0,0.0,0.0,4,115.0,140.0,2,7.0,18.5,0,0.0,0.0,3,10.0,36.666666666666664,1,68.0,68.0,0,0,0,0,0.0,0.0,3,103.0,124.0,0,0.0,0.0,15397.0
CUTI,E14,แบริ่ง,BTS แบริ่ง,4,3.0,31.75,0,0.0,0.0,0,0.0,0.0,2,37.0,38.0,0,0.0,0.0,1,240.0,240.0,3,10.0,53.0,0,0.0,0.0,0,0,0,0,0.0,0.0,0,0.0,0.0,0,0.0,0.0,15054.0
CUTI,E21,แพรกษา,BTS แพรกษา,2,10.0,35.0,0,0.0,0.0,0,0.0,0.0,2,10.0,27.5,0,0.0,0.0,2,17.0,17.5,2,19.0,30.0,0,0.0,0.0,0,0,0,0,0.0,0.0,0,0.0,0.0,0,0.0,0.0,6068.0
CUTI,E18,โรงเรียนนายเรือ,BTS โรงเรียนนายเรือ,2,23.0,23.5,0,0.0,0.0,0,0.0,0.0,3,160.0,190.0,0,0.0,0.0,0,0.0,0.0,1,25.0,25.0,0,0.0,0.0,0,0,0,0,0.0,0.0,0,0.0,0.0,0,0.0,0.0,2266.0
CUTI,G3,คลองสาน,BTS_คลองสาน,0,0.0,0.0,0,0.0,0.0,0,0.0,0.0,2,17.0,37.5,1,69.0,69.0,0,0.0,0.0,1,32.0,32.0,0,0.0,0.0,0,0,0,1,228.0,228.0,1,33.0,33.0,0,0.0,0.0,444.1818181818182
CUTI,S03,ช่องนนทรี,BTS_ช่องนนทรี,3,4.0,10.666666666666666,0,0.0,0.0,0,0.0,0.0,2,49.0,52.5,1,53.0,53.0,0,0.0,0.0,3,22.0,46.333333333333336,0,0.0,0.0,0,0,0,1,485.0,485.0,3,6.0,33.333333333333336,0,0.0,0.0,21479.0
CUTI,S10,ตลาดพลู,BTS_ตลาดพลู,2,20.0,60.0,0,0.0,0.0,0,0.0,0.0,2,155.0,211.0,0,0.0,0.0,0,0.0,0.0,3,30.0,111.66666666666669,0,0.0,0.0,0,0,0,0,0.0,0.0,1,10.0,10.0,0,0.0,0.0,7403.0
CUTI,S01,ราชดำริ,BTS_ราชดำริ,0,0.0,0.0,0,0.0,0.0,0,0.0,0.0,2,37.0,39.5,2,60.0,255.0,0,0.0,0.0,2,52.0,94.5,0,0.0,0.0,0,0,0,1,458.0,458.0,1,87.0,87.0,0,0.0,0.0,3531.0
CUTI,S08,วงเวียนใหญ่,BTS_วงเวียนใหญ่,4,7.0,9.25,0,0.0,0.0,2,5.0,37.5,4,40.0,101.5,0,0.0,0.0,0,0.0,0.0,4,30.0,68.25,0,0.0,0.0,0,0,0,0,0.0,0.0,0,0.0,0.0,0,0.0,0.0,8824.0
CUTI,S11,วุฒากาศ,BTS_วุฒากาศ,3,10.0,32.0,0,0.0,0.0,1,57.0,57.0,1,171.0,171.0,0,0.0,0.0,0,0.0,0.0,2,10.0,30.5,0,0.0,0.0,0,0,0,0,0.0,0.0,0,0.0,0.0,0,0.0,0.0,8848.0
CUTI,N04,สนามเป้า,BTS_สนามเป้า,2,10.0,60.0,0,0.0,0.0,0,0.0,0.0,3,10.0,25.0,0,0.0,0.0,0,0.0,0.0,1,110.0,110.0,0,0.0,0.0,0,0,0,0,0.0,0.0,1,34.0,34.0,0,0.0,0.0,4974.0
CUTI,S05,สุรศักดิ์,BTS_สุรศักดิ์,1,10.0,10.0,0,0.0,0.0,0,0.0,0.0,2,44.0,62.5,2,40.0,67.0,0,0.0,0.0,4,6.0,12.5,0,0.0,0.0,0,0,0,0,0.0,0.0,2,23.0,36.0,0,0.0,0.0,10021.0
CUTI,N05,อารีย์,BTS_อารีย์,3,4.0,30.333333333333332,0,0.0,0.0,0,0.0,0.0,2,24.0,42.0,2,24.0,37.0,0,0.0,0.0,2,53.0,53.5,0,0.0,0.0,0,0,0,0,0.0,0.0,2,5.0,31.0,0,0.0,0.0,15947.0
CUTI,G2,เจริญนคร,BTS_เจริญนคร,2,36.0,168.0,0,0.0,0.0,0,0.0,0.0,2,90.0,145.0,2,311.0,330.5,0,0.0,0.0,2,180.0,201.5,0,0.0,0.0,0,0,0,0,0.0,0.0,1,469.0,469.0,0,0.0,0.0,4314.954545454545
CUTI,S04,เซนต์หลุยส์,BTS_เซนต์หลุยส์,2,15.0,16.0,0,0.0,0.0,0,0.0,0.0,3,1.0,86.0,2,214.0,259.5,0,0.0,0.0,3,14.0,39.666666666666664,0,0.0,0.0,0,0,0,1,14.0,14.0,0,0.0,0.0,0,0.0,0.0,7972.0
CUTI,S09,โพธิ์นิมิตร,BTS_โพธิ์นิมิตร,3,13.0,18.666666666666668,0,0.0,0.0,0,0.0,0.0,1,263.0,263.0,0,0.0,0.0,0,0.0,0.0,2,31.0,200.0,0,0.0,0.0,0,0,0,0,0.0,0.0,3,39.0,72.0,0,0.0,0.0,2602.0
CUTI,YL12,กลันตัน,MRT กลันตัน,2,5.0,7.5,0,0.0,0.0,0,0.0,0.0,2,5.0,7.5,0,0.0,0.0,0,0.0,0.0,1,6.0,6.0,0,0.0,0.0,0,0,0,0,0.0,0.0,0,0.0,0.0,0,0.0,0.0,657.0
CUTI,BL12,กำแพงเพชร,MRT กำแพงเพชร,0,0.0,0.0,0,0.0,0.0,1,700.0,700.0,3,35.0,118.33333333333331,0,0.0,0.0,0,0.0,0.0,3,10.0,18.333333333333332,0,0.0,0.0,0,0,0,2,100.0,400.0,1,130.0,130.0,0,0.0,0.0,3579.0
CUTI,BL24,คลองเตย,MRT คลองเตย,2,27.0,31.0,1,27.0,27.0,0,0.0,0.0,2,115.0,165.0,1,17.0,17.0,0,0.0,0.0,2,10.0,13.0,1,35.0,35.0,0,0,0,0,0.0,0.0,2,13.0,24.0,0,0.0,0.0,3064.0
CUTI,BL02,จรัญฯ13,MRT จรัญฯ13,2,10.32702314,19.52284806,0,0.0,0.0,0,0.0,0.0,2,7.654517157,9.5661346385,0,0.0,0.0,0,0.0,0.0,2,10.0,25.97549165,0,0.0,0.0,0,0,0,0,0.0,0.0,1,253.7903209,253.7903209,0,0.0,0.0,2973.0
CUTI,PK10,ทะเลสาบเมืองทองธานี,MRT ทะเลสาบเมืองทองธานี,3,9.0,27.333333333333332,0,0.0,0.0,0,0.0,0.0,0,0.0,0.0,0,0.0,0.0,0,0.0,0.0,0,0.0,0.0,0,0.0,0.0,0,0,0,0,0.0,0.0,0,0.0,0.0,0,0.0,0.0,1281.0
CUTI,YL22,ทิพวัล,MRT ทิพวัล,2,5.0,32.0,0,0.0,0.0,0,0.0,0.0,4,59.0,174.75,0,0.0,0.0,0,0.0,0.0,2,5.0,12.5,0,0.0,0.0,0,0,0,0,0.0,0.0,0,0.0,0.0,0,0.0,0.0,1179.0
CUTI,YL08,บางกะปิ,MRT บางกะปิ,3,5.0,80.0,0,0.0,0.0,0,0.0,0.0,4,10.0,33.25,0,0.0,0.0,1,200.0,200.0,3,3.0,144.33333333333334,0,0.0,0.0,0,0,0,0,0.0,0.0,0,0.0,0.0,0,0.0,0.0,3820.0
CUTI,BL04,บางขุนนนท์,MRT บางขุนนนท์,4,10.0,27.75,0,0.0,0.0,0,0.0,0.0,2,40.0,75.0,0,0.0,0.0,0,0.0,0.0,3,10.0,143.33333333333334,0,0.0,0.0,0,0,0,0,0.0,0.0,1,170.0,170.0,0,0.0,0.0,4985.0
CUTI,BL07,บางพลัด,MRT บางพลัด,3,10.0,186.66666666666663,0,0.0,0.0,0,0.0,0.0,2,25.0,117.5,0,0.0,0.0,0,0.0,0.0,3,180.0,230.0,0,0.0,0.0,0,0,0,0,0.0,0.0,0,0.0,0.0,0,0.0,0.0,2521.0
CUTI,BL05,บางยี่ขัน,MRT บางยี่ขัน,1,30.0,30.0,0,0.0,0.0,0,0.0,0.0,2,50.0,50.0,0,0.0,0.0,0,0.0,0.0,2,15.0,82.5,0,0.0,0.0,0,0,0,0,0.0,0.0,0,0.0,0.0,0,0.0,0.0,6399.0
CUTI,BL08,บางอ้อ,MRT บางอ้อ,1,30.0,30.0,0,0.0,0.0,0,0.0,0.0,2,45.0,67.5,0,0.0,0.0,0,0.0,0.0,1,5.0,5.0,0,0.0,0.0,0,0,0,0,0.0,0.0,0,0.0,0.0,0,0.0,0.0,4440.0
CUTI,BL37,บางแค,MRT บางแค,3,12.66381364,38.5350543,0,0.0,0.0,0,0.0,0.0,3,56.87250348,148.69837519333333,0,0.0,0.0,1,56.87250348,56.87250348,2,10.0,26.95695621,0,0.0,0.0,0,0,0,1,56.87250348,56.87250348,1,105.3778386,105.3778386,0,0.0,0.0,5160.0
CUTI,BL33,บางไผ่,MRT บางไผ่,3,12.16913519,29.799611009999996,0,0.0,0.0,1,240.1273279,240.1273279,2,11.49854197,26.702783824999997,0,0.0,0.0,0,0.0,0.0,2,17.31339795,44.788467245,0,0.0,0.0,0,0,0,0,0.0,0.0,1,240.1273279,240.1273279,0,0.0,0.0,2886.0
CUTI,BL20,พระราม 9,MRT พระราม 9,1,475.4520284,475.4520284,0,0.0,0.0,1,43.34500771,43.34500771,2,17.3240662,70.59836645,0,0.0,0.0,0,0.0,0.0,2,18.39296367,21.64287595,0,0.0,0.0,0,0,0,2,15.54099817,152.32780583500002,3,18.39296367,28.87691987,0,0.0,0.0,26515.0
CUTI,YL02,ภาวนา,MRT ภาวนา,3,3.0,7.666666666666667,0,0.0,0.0,0,0.0,0.0,2,30.0,44.0,0,0.0,0.0,0,0.0,0.0,2,74.0,97.0,0,0.0,0.0,0,0,0,0,0.0,0.0,0,0.0,0.0,0,0.0,0.0,998.0
CUTI,BL36,ภาษีเจริญ,MRT ภาษีเจริญ,3,6.650893519,28.16047986966667,0,0.0,0.0,1,47.06273172,47.06273172,2,31.02583725,34.15918754,0,0.0,0.0,0,0.0,0.0,2,60.0,133.57144060000002,0,0.0,0.0,0,0,0,0,0.0,0.0,2,6.880025954,18.952931602,0,0.0,0.0,8174.0
CUTI,YL06,มหาดไทย,MRT มหาดไทย,3,5.0,5.0,0,0.0,0.0,0,0.0,0.0,3,5.0,80.0,0,0.0,0.0,0,0.0,0.0,2,57.0,78.5,0,0.0,0.0,0,0,0,0,0.0,0.0,0,0.0,0.0,0,0.0,0.0,1624.0
CUTI,BL16,รัชดาภิเษก,MRT รัชดาภิเษก,1,30.77090117,30.77090117,1,30.77090117,30.77090117,0,0.0,0.0,2,17.22048848,60.23680644,0,0.0,0.0,0,0.0,0.0,1,48.98909746,48.98909746,1,30.77090117,30.77090117,0,0,0,0,0.0,0.0,3,33.83854136,41.61898841000001,0,0.0,0.0,5646.0
CUTI,YL07,ลาดพร้าว 101,MRT ลาดพร้าว 101,4,2.0,9.75,0,0.0,0.0,0,0.0,0.0,2,25.0,49.0,0,0.0,0.0,1,73.0,73.0,3,24.0,49.666666666666664,0,0.0,0.0,0,0,0,0,0.0,0.0,0,0.0,0.0,1,73.0,73.0,2267.0
CUTI,YL04,ลาดพร้าว 71,MRT ลาดพร้าว 71,2,2.0,2.5,0,0.0,0.0,0,0.0,0.0,2,5.0,31.5,0,0.0,0.0,0,0.0,0.0,2,29.0,51.5,0,0.0,0.0,0,0,0,0,0.0,0.0,0,0.0,0.0,0,0.0,0.0,1648.0
CUTI,YL05,ลาดพร้าว 83,MRT ลาดพร้าว 83,2,8.0,10.5,0,0.0,0.0,0,0.0,0.0,4,66.0,103.75,0,0.0,0.0,0,0.0,0.0,3,32.0,69.33333333333333,0,0.0,0.0,0,0,0,0,0.0,0.0,0,0.0,0.0,0,0.0,0.0,2059.0
CUTI,BL25,ลุมพินี,MRT ลุมพินี,2,289.3310947,387.08454095,0,0.0,0.0,0,0.0,0.0,2,9.594103158,119.797051579,0,0.0,0.0,0,0.0,0.0,2,23.62897419,40.902281285,0,0.0,0.0,0,0,0,0,0.0,0.0,2,21.03561414,25.723540725,0,0.0,0.0,16497.0
CUTI,BL29,วัดมังกร,MRT วัดมังกร,0,0.0,0.0,0,0.0,0.0,0,0.0,0.0,2,165.4903335156726,197.7451667578363,0,0.0,0.0,0,0.0,0.0,2,17.63958127778928,49.418674072576046,0,0.0,0.0,0,0,0,1,400.0,400.0,1,3.0,3.0,0,0.0,0.0,11984.0
CUTI,YL10,ศรีกรีฑา,MRT ศรีกรีฑา,2,3.0,5.5,0,0.0,0.0,0,0.0,0.0,3,190.0,216.66666666666663,0,0.0,0.0,0,0.0,0.0,3,5.0,54.666666666666664,0,0.0,0.0,0,0,0,0,0.0,0.0,0,0.0,0.0,0,0.0,0.0,1297.0
CUTI,YL20,ศรีด่าน,MRT ศรีด่าน,2,5.0,5.0,0,0.0,0.0,0,0.0,0.0,4,40.0,92.0,0,0.0,0.0,0,0.0,0.0,2,5.0,52.5,0,0.0,0.0,0,0,0,0,0.0,0.0,0,0.0,0.0,0,0.0,0.0,1125.0
CUTI,YL14,ศรีนครินทร์ 38,MRT ศรีนครินทร์ 38,3,3.0,7.333333333333333,0,0.0,0.0,0,0.0,0.0,2,5.0,10.0,0,0.0,0.0,0,0.0,0.0,2,4.0,7.5,0,0.0,0.0,0,0,0,0,0.0,0.0,0,0.0,0.0,0,0.0,0.0,554.0
CUTI,YL13,ศรีนุช,MRT ศรีนุช,1,0.0,0.0,0,0.0,0.0,0,0.0,0.0,2,0.0,115.0,0,0.0,0.0,0,0.0,0.0,1,140.0,140.0,0,0.0,0.0,0,0,0,0,0.0,0.0,0,0.0,0.0,0,0.0,0.0,1058.0
CUTI,YL18,ศรีลาซาล,MRT ศรีลาซาล,2,5.0,5.5,0,0.0,0.0,0,0.0,0.0,2,94.0,102.0,0,0.0,0.0,0,0.0,0.0,3,5.0,32.0,0,0.0,0.0,0,0,0,0,0.0,0.0,0,0.0,0.0,0,0.0,0.0,1276.0
CUTI,YL16,ศรีอุดม,MRT ศรีอุดม,2,3.0,4.0,0,0.0,0.0,0,0.0,0.0,2,3.0,45.5,0,0.0,0.0,0,0.0,0.0,3,3.0,34.666666666666664,0,0.0,0.0,0,0,0,0,0.0,0.0,0,0.0,0.0,0,0.0,0.0,1390.0
CUTI,YL21,ศรีเทพา,MRT ศรีเทพา,2,5.0,7.5,0,0.0,0.0,0,0.0,0.0,2,130.0,135.0,0,0.0,0.0,0,0.0,0.0,3,5.0,19.333333333333332,0,0.0,0.0,0,0,0,0,0.0,0.0,0,0.0,0.0,0,0.0,0.0,1238.0
CUTI,YL17,ศรีเอี่ยม,MRT ศรีเอี่ยม,2,3.0,176.5,0,0.0,0.0,0,0.0,0.0,3,170.0,293.3333333333333,0,0.0,0.0,0,0.0,0.0,3,5.0,183.0,0,0.0,0.0,0,0,0,0,0.0,0.0,0,0.0,0.0,0,0.0,0.0,1162.0
CUTI,YL19,ศรีแบริ่ง,MRT ศรีแบริ่ง,2,3.0,4.0,0,0.0,0.0,0,0.0,0.0,3,130.0,173.33333333333334,0,0.0,0.0,0,0.0,0.0,2,3.0,6.5,0,0.0,0.0,0,0,0,0,0.0,0.0,0,0.0,0.0,0,0.0,0.0,883.0
CUTI,BL23,ศูนย์ประชุมสิริกิติ์,MRT ศูนย์ประชุมสิริกิติ์,1,179.96229725000808,179.96229725000808,1,67.79643301854486,67.79643301854486,0,0.0,0.0,3,13.392944797151728,25.11361107461177,1,190.02034262089936,190.02034262089936,0,0.0,0.0,3,10.852562127582654,13.04174439421431,2,67.79643301854486,93.76824596789824,0,0,0,1,203.97696585098245,203.97696585098245,2,72.27020875738016,73.82791481076032,0,0.0,0.0,15479.0
CUTI,BL19,ศูนย์วัฒนธรรม,MRT ศูนย์วัฒนธรรม,1,90.23603817,90.23603817,1,76.07214653,76.07214653,0,0.0,0.0,4,9.52622617,40.18589134,0,0.0,0.0,0,0.0,0.0,4,11.03579454,49.615027297500006,2,40.61977325,58.34595989,0,0,0,0,0.0,0.0,3,18.83239716,65.43870790333334,0,0.0,0.0,17216.0
CUTI,YL15,สวนหลวง ร.9,MRT สวนหลวง ร.9,4,140.0,195.0,0,0.0,0.0,0,0.0,0.0,3,69.0,120.66666666666669,0,0.0,0.0,0,0.0,0.0,3,67.0,139.0,0,0.0,0.0,0,0,0,0,0.0,0.0,0,0.0,0.0,0,0.0,0.0,2990.0
CUTI,BL30,สามยอด,MRT สามยอด,0,0.0,0.0,0,0.0,0.0,0,0.0,0.0,1,17.0,17.0,0,0.0,0.0,0,0.0,0.0,1,45.0,45.0,0,0.0,0.0,0,0,0,0,0.0,0.0,0,0.0,0.0,0,0.0,0.0,8371.0
CUTI,BL27,สามย่าน,MRT สามย่าน,2,30.0,95.0,0,0.0,0.0,0,0.0,0.0,2,70.0,89.0,0,0.0,0.0,0,0.0,0.0,2,20.0,25.0,0,0.0,0.0,0,0,0,0,0.0,0.0,0,0.0,0.0,0,0.0,0.0,20030.0
CUTI,BL06,สิรินธร,MRT สิรินธร,1,13.45772728,13.45772728,0,0.0,0.0,0,0.0,0.0,4,101.0995402,156.83001835000002,0,0.0,0.0,0,0.0,0.0,5,20.97618986,108.42535418,0,0.0,0.0,0,0,0,0,0.0,0.0,0,0.0,0.0,0,0.0,0.0,4476.0
CUTI,BL17,สุทธิสาร,MRT สุทธิสาร,2,9.792151459,27.4756635045,0,0.0,0.0,0,0.0,0.0,4,48.162708,135.59925429999998,0,0.0,0.0,0,0.0,0.0,3,82.56118476,99.73661364333331,0,0.0,0.0,0,0,0,0,0.0,0.0,2,296.3358147,321.2751604,0,0.0,0.0,13220.0
CUTI,BL38,หลักสอง,MRT หลักสอง,2,11.18706852,11.451319095,0,0.0,0.0,3,11.71556967,20.1060775,3,20.86137019,89.98549986333332,0,0.0,0.0,1,90.21625991,90.21625991,3,22.4611779,70.88591915333333,2,133.3418897,155.3376544,0,0,0,0,0.0,0.0,0,0.0,0.0,0,0.0,0.0,18347.0
CUTI,BL18,ห้วยขวาง,MRT ห้วยขวาง,1,30.32956195,30.32956195,1,43.91083378,43.91083378,0,0.0,0.0,4,15.78183332,73.9658611125,0,0.0,0.0,0,0.0,0.0,4,17.33342803,39.892540525,1,42.07529835,42.07529835,0,0,0,1,57.62400543,57.62400543,0,0.0,0.0,0,0.0,0.0,19020.0
CUTI,BL32,อิสรภาพ,MRT อิสรภาพ,2,20.0,25.065726294999997,0,0.0,0.0,0,0.0,0.0,2,25.0,82.5,1,60.0,60.0,0,0.0,0.0,2,25.0,202.5,0,0.0,0.0,0,0,0,1,30.13145259,30.13145259,2,25.0,25.0,0,0.0,0.0,6593.0
CUTI,BL35,เพชรเกษม48,MRT เพชรเกษม48,2,5.995973931,19.6323335855,0,0.0,0.0,0,0.0,0.0,3,66.86114499,91.77131459999998,0,0.0,0.0,0,0.0,0.0,1,9.174404949,9.174404949,0,0.0,0.0,0,0,0,0,0.0,0.0,0,0.0,0.0,0,0.0,0.0,3347.0
CUTI,YL09,แยกลำสาลี,MRT แยกลำสาลี,3,5.0,41.666666666666664,0,0.0,0.0,0,0.0,0.0,2,69.0,109.5,0,0.0,0.0,0,0.0,0.0,2,3.0,16.5,0,0.0,0.0,0,0,0,0,0.0,0.0,0,0.0,0.0,0,0.0,0.0,2578.0
CUTI,YL03,โชคชัย 4,MRT โชคชัย 4,3,5.0,9.333333333333334,0,0.0,0.0,0,0.0,0.0,3,6.0,34.666666666666664,0,0.0,0.0,0,0.0,0.0,2,6.0,25.5,0,0.0,0.0,0,0,0,0,0.0,0.0,0,0.0,0.0,1,120.0,120.0,1577.0
CUTI,BL03,ไฟฉาย,MRT ไฟฉาย,2,315.0,342.5,0,0.0,0.0,0,0.0,0.0,4,130.0,157.5,0,0.0,0.0,0,0.0,0.0,1,150.0,150.0,0,0.0,0.0,0,0,0,0,0.0,0.0,0,0.0,0.0,0,0.0,0.0,3714.0
CUTI,RN07,การเคหะฯ,SRT การเคหะฯ,2,29.18036803,33.855910465,1,41.75156835,41.75156835,0,0.0,0.0,2,7.080162249,39.1293604945,0,0.0,0.0,0,0.0,0.0,2,24.93167941,54.557146785,2,39.87124286,51.00344246,0,0,0,0,0.0,0.0,4,12.17172708,53.79324429,0,0.0,0.0,731.6818181818181
CUTI,RN02,จตุจักร,SRT จตุจักร,2,10.80637283432034,19.454332134160644,2,23.0,71.5,0,0.0,0.0,2,85.0,98.08115102425452,0,0.0,0.0,0,0.0,0.0,2,191.81537758100703,226.94820147130568,2,15.0,57.5,0,0,0,0,0.0,0.0,5,10.0,66.6,0,0.0,0.0,563.7272727272727
CUTI,RW06,ตลิ่งชัน,SRT ตลิ่งชัน,0,0.0,0.0,1,70.0,70.0,1,80.0,80.0,2,18.37948349,75.43308659499999,0,0.0,0.0,0,0.0,0.0,1,80.0,80.0,2,18.37948349,119.189741745,0,0,0,0,0.0,0.0,1,18.37948349,18.37948349,0,0.0,0.0,989.2727272727273
CUTI,RN05,ทุ่งสองห้อง,SRT ทุ่งสองห้อง,1,45.51471853,45.51471853,1,53.03961266,53.03961266,0,0.0,0.0,1,36.23432966,36.23432966,0,0.0,0.0,0,0.0,0.0,1,20.82353337,20.82353337,3,64.80041715,88.59917432666667,0,0,0,0,0.0,0.0,5,11.35181655,24.574458826,0,0.0,0.0,533.5454545454545
CUTI,RW05,บางบำหรุ,SRT บางบำหรุ,0,0.0,0.0,2,1.0,5.5,0,0.0,0.0,1,180.5685838722633,180.5685838722633,0,0.0,0.0,0,0.0,0.0,1,10.0,10.0,2,1.0,10.5,0,0,0,0,0.0,0.0,0,0.0,0.0,0,0.0,0.0,582.4545454545455
CUTI,RN04,บางเขน,SRT บางเขน,0,0.0,0.0,0,0.0,0.0,0,0.0,0.0,2,5.185935694,12.519269312,0,0.0,0.0,0,0.0,0.0,1,165.1116438,165.1116438,0,0.0,0.0,0,0,0,0,0.0,0.0,5,10.28855132,35.031446856,0,0.0,0.0,1666.5454545454545
CUTI,RN10,รังสิต,SRT รังสิต,1,50.96584473,50.96584473,2,10.0,25.0,1,12.17209731,12.17209731,0,0.0,0.0,0,0.0,0.0,1,39.32178327,39.32178327,2,16.36167928,32.22089596,4,10.0,53.6953357325,0,0,0,0,0.0,0.0,4,53.02227756,57.377046735,0,0.0,0.0,4266.636363636364
CUTI,RN03,วัดเสมียนนารี,SRT วัดเสมียนนารี,2,59.98280787,144.585564185,2,69.61185344,78.28712231,0,0.0,0.0,3,44.07483038,83.21180506,0,0.0,0.0,0,0.0,0.0,3,109.827626,181.5372612,2,108.6961071,109.18196175,0,0,0,0,0.0,0.0,7,12.47812453,60.706784361428575,0,0.0,0.0,925.1363636363636
CUTI,RN09,หลักหก,SRT หลักหก,1,7.331562399,7.331562399,1,7.331562399,7.331562399,0,0.0,0.0,0,0.0,0.0,0,0.0,0.0,0,0.0,0.0,1,78.83546269,78.83546269,1,70.0,70.0,0,0,0,0,0.0,0.0,2,5.0,6.1657811995,0,0.0,0.0,1791.090909090909
CUTI,MT01,อิมแพ็ค เมืองทองธานี,SRT อิมแพ็ค เมืองทองธานี,2,4.755301399,32.2619193545,0,0.0,0.0,0,0.0,0.0,0,0.0,0.0,0,0.0,0.0,0,0.0,0.0,1,10.0,10.0,0,0.0,0.0,0,0,0,0,0.0,0.0,2,69.31908666,229.75775368,0,0.0,0.0,1565.0
AEC,PP16,เตาปูน,MRT เตาปูน,3,4.0,45.666666666666664,0,0.0,0.0,0,0.0,0.0,4,83.0,108.25,0,0.0,0.0,0,0.0,0.0,4,6.0,21.25,0,0.0,0.0,0,0,0,0,0.0,0.0,0,0.0,0.0,0,0.0,0.0,7346.0
AEC,RW01,กรุงเทพอภิวัฒน์,MRT บางซื่อ และ SRT กรงเทพอภิวัฒน์,0,0.0,0.0,0,0.0,0.0,0,0.0,0.0,1,28.0,28.0,0,0.0,0.0,0,0.0,0.0,2,20.0,21.5,0,0.0,0.0,0,0,0,0,0.0,0.0,0,0.0,0.0,0,0.0,0.0,9347.636363636364
